task_id,paper_id,conference_year_track,title_exact_match,abstract_rouge_1,abstract_rouge_l,keyword_f1,author_f1,time_taken_seconds,total_inference_time,input_tokens,output_tokens,total_tokens,inference_time_author,inference_time_chair,inference_time_reviewer_max,inference_time_reviewer_min,inference_token_author_input_tokens,inference_token_author_output_tokens,inference_token_author_total_tokens,inference_token_chair_input_tokens,inference_token_chair_output_tokens,inference_token_chair_total_tokens,inference_token_reviewer_max_input_tokens,inference_token_reviewer_max_output_tokens,inference_token_reviewer_max_total_tokens,inference_token_reviewer_min_input_tokens,inference_token_reviewer_min_output_tokens,inference_token_reviewer_min_total_tokens
,00OqOl4txhe,CoRL 2022 Conference,0,0.9866071428571429,0.9866071428571429,1,1,51.167341319,110.90219800700001,25916,5757,31673,9.567736318,19.219795339,46.27381438500001,43.320062945000004,2042,381,2423,2967,1049,4016,9544,2547,12091,9341,2376,11717
,0nb97NQypbK,CoRL 2022 Conference,1,0.9213483146067416,0.9213483146067416,0.75,0.8000000000000002,57.175935527,117.44440595399999,25216,5662,30878,8.167044744,20.722265024,50.16353013,41.605959866,1786,357,2143,3345,1090,4435,8599,2454,11053,8415,2266,10681
,-8Kt5J-9AI,CoRL 2022 Conference,1,0.9941520467836257,0.9941520467836257,0,0.8571428571428571,64.111552343,130.715655503,25398,6132,31530,8.965330286,19.303737053,54.868919691,44.325608332,2045,378,2423,3062,962,4024,8493,2942,11435,8576,2320,10896
,2CSj965d9O4,CoRL 2022 Conference,1,0.9866666666666667,0.9866666666666667,1,0.875,59.672659906,131.54721728500002,26745,6390,33135,11.58199214,25.521238683,51.140507763,45.92183069,1929,419,2348,3940,1155,5095,8674,2761,11435,8599,2500,11099
,1vV0JRA2HY0,CoRL 2022 Conference,1,0.9739130434782608,0.9739130434782608,1,1,68.295669,120.23309966600002,26618,6077,32695,8.808150044999998,17.389007215,59.07517444700001,42.741703311,1879,351,2230,3384,900,4284,9021,3186,12207,8856,2364,11220
,3CQ3Vt0v99,CoRL 2022 Conference,1,0.9692832764505118,0.9692832764505118,0.6666666666666666,0.8571428571428571,62.200320741000006,123.13904589,29934,6380,36314,10.788968797,19.442679255999998,54.07061727999999,48.612855361,2037,468,2505,4250,1016,5266,10807,3041,13848,10084,2626,12710
,4ffLQu_O-Dl,CoRL 2022 Conference,1,0.9391304347826088,0.9391304347826088,1,1,58.625168195,119.52784624799999,26154,6017,32171,7.377886985999993,20.039007325,47.663456729,43.11793134499999,1864,293,2157,3399,1040,4439,9707,2591,12298,9612,2376,11988
,1Pt2FM5BLdi,CoRL 2022 Conference,1,0.963265306122449,0.963265306122449,0.6666666666666666,1,122.602057017,122.703037852,26166,6033,32199,8.931824517999999,21.189033472000006,52.286299141,47.724878953,2015,389,2404,3053,1156,4209,9103,2633,11736,8765,2593,11358
,2gfB_kMVFvP,CoRL 2022 Conference,1,0.5941747572815534,0.5864077669902913,1,0.8333333333333334,122.634624489,122.205424126,28571,6453,35024,11.027677370000006,24.609087614000003,52.398766481999985,46.670511847,2165,524,2689,3591,1082,4673,10044,2861,12905,9797,2659,12456
,3RBY8fKjHeu,CoRL 2022 Conference,1,0.8484005563282336,0.8484005563282336,0.2,1,81.11471963,157.029413283,31127,7054,38181,12.179127266000009,32.294961653,56.23504806899999,49.58379849599997,2007,567,2574,3605,1109,4714,8705,2950,11655,8651,2643,11294
,4nt6RUGmILw,CoRL 2022 Conference,1,0.9916805324459235,0.9916805324459235,1,0.5555555555555556,66.49397950900001,123.940310516,29493,6711,36204,11.563586720000004,17.718867508000002,58.77367074599998,54.008429671,2046,575,2621,3560,1003,4563,10007,3240,13247,9378,3079,12457
,2cEjfernc5P,CoRL 2022 Conference,1,0.9747899159663864,0.9747899159663864,1,1,127.167951306,121.372459319,29328,6353,35681,9.224384260000008,18.03881009599999,57.281147331000014,52.689086526,2007,360,2367,3750,996,4746,9955,3080,13035,9540,2868,12408
,6BIffCl6gsM,CoRL 2022 Conference,1,0.9130434782608695,0.9130434782608695,1,0.8571428571428571,64.86447110000002,133.70535341000001,25600,6432,32032,10.416412299000001,19.765423985000012,57.49258794900001,51.50304984800002,1862,479,2341,2879,981,3860,9087,2742,11829,9036,2740,11776
,1zbWQxFIU-,CoRL 2022 Conference,1,0.9649805447470817,0.9649805447470817,1,0.888888888888889,184.13256624000002,103.931951161,23128,5673,28801,12.382029154999998,18.731436081000027,53.10909195299999,47.60246747100001,2221,609,2830,2934,1030,3964,9379,2678,12057,8796,3010,11806
,6gEyD5zg0dt,CoRL 2022 Conference,1,0.9857819905213271,0.9857819905213271,0.6666666666666666,1,64.31121232499999,123.38972484700005,26831,6649,33480,6.9071063430000095,18.639267786000005,56.03432161700002,49.31979747500003,1871,303,2174,2817,1047,3864,9932,3117,13049,9794,2727,12521
,5GJ-_KMLASa,CoRL 2022 Conference,0,0.9619565217391304,0.9619565217391304,1,1,79.025062612,133.19085495,28906,7173,36079,7.764141600999977,18.106766526,65.73639825000001,57.62201609500002,2017,368,2385,2890,940,3830,9873,3709,13582,9643,3226,12869
,52uzsIGV32_,CoRL 2022 Conference,1,0.9701897018970189,0.9701897018970189,0.6666666666666666,1,131.978114425,132.056561105,26249,6452,32701,9.191487026999994,22.583928436000008,65.43758435699999,55.02220271099998,2033,362,2395,2924,1230,4154,9483,2982,12465,9249,2488,11737
,7CrXRhmzVVR,CoRL 2022 Conference,1,0.98,0.98,1,1,112.72352239999998,115.78630747599996,26555,6125,32680,6.946167239000005,20.760227009999994,53.75746127099998,48.779440075999986,1880,243,2123,2771,1109,3880,9643,2890,12533,9579,2684,12263
,7RyzGWLk79H,CoRL 2022 Conference,1,0.9798657718120806,0.9798657718120806,1,1,112.56990390800001,111.916735813,25926,6005,31931,9.23459641300002,18.614239115000004,48.09969897100001,43.75398901700001,1958,405,2363,3152,1057,4209,8937,2705,11642,8688,2498,11186
,7ZcePvChS7u,CoRL 2022 Conference,1,0.9857819905213271,0.9857819905213271,1,1,58.561063468000015,95.26772753999998,22410,5062,27472,8.103034415999986,19.047525740999987,49.85935329000003,44.796066851999996,1800,376,2176,2978,1059,4037,9259,2693,11952,8794,2781,11575
,4g3PwAp5nsX,CoRL 2022 Conference,1,0.9874213836477987,0.9874213836477987,1,0.75,185.159417982,126.535854605,28688,6590,35278,8.067240920000017,23.039961748999986,56.25950599799998,51.514745207999994,1887,346,2233,3534,1277,4811,10338,3022,13360,9923,2866,12789
,7JVNhaMbZUu,CoRL 2022 Conference,1,0.9841269841269841,0.9841269841269841,1,1,116.118270212,113.69169705699997,26915,6165,33080,11.283984096000012,18.29835233199998,50.91120760399997,44.25247106799998,2084,522,2606,2993,1025,4018,9604,2874,12478,9505,2517,12022
,52c5e73SlS2,CoRL 2022 Conference,1,0.9527027027027025,0.9527027027027025,1,1,185.13253820100005,143.7407364040001,27438,7456,34894,14.740805469000009,18.388731894000017,60.82760710100004,55.58926243100001,1866,378,2244,2951,984,3935,9504,3408,12912,9330,3125,12455
,80vpxjt3vq,CoRL 2022 Conference,1,0.9836956521739131,0.9836956521739131,1,1,63.719139213999995,115.988168994,28572,6302,34874,8.495647779999985,18.95951603200001,53.571472352,46.551753378,2093,397,2490,4041,1076,5117,9651,2986,12637,8932,2828,11760
,8ktEdb5NHEh,CoRL 2022 Conference,1,1,1,1,1,106.469663398,100.19078638799999,21273,5376,26649,7.300940974999975,17.197084709999984,50.404904026000054,44.744076146,2024,332,2356,2412,916,3328,9147,2807,11954,9154,2523,11677
,8tmKW-NG2bH,CoRL 2022 Conference,1,0.9555555555555557,0.9555555555555557,0.6666666666666666,1,112.063718835,133.49791438500003,25328,6837,32165,9.18385964600003,20.561937580999995,55.31037881,47.21242379199995,2013,464,2477,2867,1118,3985,8874,2912,11786,8770,2631,11401
,8-8e18idYLD,CoRL 2022 Conference,1,1,1,1,1,244.248444272,130.25962005300008,26925,6777,33702,9.892244874,18.257861374000015,56.21097863,49.30263204900001,1891,414,2305,3329,1034,4363,9501,2733,12234,8949,3012,11961
,A5l7wE2uqtM,CoRL 2022 Conference,1,1,1,0.6666666666666666,1,110.716331094,191.01159724000001,25335,5853,31188,82.393497329,18.728941883,50.60374418399999,44.715451943999994,1955,297,2252,3381,1011,4392,8238,2638,10876,8165,2488,10653
,DLkubm-dq-y,CoRL 2022 Conference,1,0.9097472924187726,0.9097472924187726,1,1,65.63039710800001,127.879925127,24358,6245,30603,8.304346870000003,23.223435265999996,52.432944019000004,42.93425863499999,1843,409,2252,2669,1070,3739,8682,2587,11269,8455,2372,10827
,EVFrjBgYsPZ,CoRL 2022 Conference,1,0.911854103343465,0.911854103343465,1,0.75,76.626978741,140.84096429199997,26319,6074,32393,15.673624735999994,19.21001164399999,60.944777536000004,50.54542787099999,1877,353,2230,3000,926,3926,9318,2812,12130,8919,2698,11617
,ED0G14V3WeH,CoRL 2022 Conference,1,0.9534883720930233,0.9534883720930233,1,0.75,82.471753965,173.509141538,28142,6327,34469,13.478102375999995,19.59045482100001,70.86860908300001,63.319158066,1842,300,2142,3125,1076,4201,9837,3384,13221,9660,2795,12455
,Eal_lL08v_l,CoRL 2022 Conference,1,0.8446601941747571,0.7961165048543688,1,1,81.33460189499999,147.953401175,29127,6533,35660,13.038276233999994,23.202806495999994,65.570139363,46.876684845000014,1891,294,2185,5036,1152,6188,9595,2727,12322,9082,2544,11626
,AdFROt9BoqE,CoRL 2022 Conference,1,0.9407894736842105,0.9407894736842105,1,0.8571428571428571,87.73016003400001,163.816264946,25077,5213,30290,13.723470623000004,28.862251421000003,64.00421160100001,49.960202335,1855,397,2252,3066,1080,4146,8665,2399,11064,8472,2272,10744
,DE8rdNuGj_7,CoRL 2022 Conference,1,1,1,0.3333333333333333,0.6666666666666666,90.47316045500001,164.25463624700006,29482,6639,36121,10.440327489000005,19.83154294500001,63.42970102300002,47.33683813000002,1934,322,2256,3451,1004,4455,8830,2583,11413,8490,2391,10881
,AmPeAFzU3a4,CoRL 2022 Conference,1,0.991304347826087,0.991304347826087,1,0.8888888888888888,93.43795254700001,149.87662472300002,23360,6060,29420,11.699530643999992,21.755080272,81.52766293400002,55.31874737000001,2096,336,2432,2997,992,3989,9383,3105,12488,9023,3132,12155
,Bf6on28H0Jv,CoRL 2022 Conference,1,0.9743589743589743,0.9743589743589743,1,1,94.53669640100001,182.567365072,26543,6840,33383,13.149292194999994,21.365586089000004,66.026566972,46.433614238000004,2069,415,2484,3432,1066,4498,8289,2383,10672,8039,1756,9795
,BxHcg_Zlpxj,CoRL 2022 Conference,1,0.9452054794520548,0.9452054794520548,1,0.8333333333333334,101.21271243700001,206.68338952000002,28067,5862,33929,31.855475358000003,31.316369986000005,80.06072358400002,68.51529632700002,1911,414,2325,4175,985,5160,9165,2604,11769,8879,2555,11434
,Bxr45keYrf,CoRL 2022 Conference,1,0.9626168224299064,0.9626168224299064,1,1,104.38069666199999,175.80465561699998,21651,5753,27404,27.057353833,28.344313397999997,83.25194891000001,66.15475724400001,2124,428,2552,2619,983,3602,8633,2971,11604,8767,2734,11501
,F6iq9FU2xnc,CoRL 2022 Conference,1,0.9404761904761904,0.9404761904761904,1,1,105.36812220899999,207.01417462600003,26639,6269,32908,30.964031256,33.72632765899999,89.12197847900003,77.90947903400001,2256,485,2741,3314,1035,4349,9214,2518,11732,8589,2607,11196
,GS8xD_elvgC,CoRL 2022 Conference,1,0.9105691056910569,0.9105691056910569,1,1,104.694532216,194.26513426200003,25749,6102,31851,13.767740990000007,19.464547385000003,90.19571183699999,52.629501675000014,1920,443,2363,2674,1043,3717,9507,2673,12180,9378,2674,12052
,Ef7xodOrgNW,CoRL 2022 Conference,1,0.4245939675174013,0.419953596287703,1,0.8000000000000002,106.57543374,245.79614176799998,28291,6501,34792,20.440796644999992,21.54084098499999,91.300370935,63.01151186199999,2135,821,2956,3147,1137,4284,10568,2929,13497,10134,2513,12647
,CC4JMO4dzg,CoRL 2022 Conference,1,0.9718309859154929,0.9718309859154929,0.6666666666666666,1,109.67948901599999,231.515337415,24648,5646,30294,16.597706995999996,37.234936729000005,89.113742747,58.834474368,1877,389,2266,3783,1127,4910,8531,2122,10653,7671,1922,9593
,Ag-vOezQ0Gw,CoRL 2022 Conference,1,0.940809968847352,0.940809968847352,1,0.9,112.49712932899999,232.517705941,21974,6706,28680,38.680940826,27.978285592,91.62127346499997,75.17773312700001,2240,796,3036,2694,1101,3795,8919,3124,12043,8523,3051,11574
,GTyBkq36tjx,CoRL 2022 Conference,0,0.9936842105263158,0.9936842105263158,1,0.8571428571428571,81.82725187,182.44835360599998,29604,7274,36878,32.60757955399998,28.547818989999996,72.98194401399999,66.351154119,2178,494,2672,4566,1213,5779,10000,2922,12922,8995,2753,11748
,HbGgF93Ppoy,CoRL 2022 Conference,1,0.9741935483870968,0.9741935483870968,0.75,1,64.38358301300002,139.62212604999996,29783,6518,36301,12.737026669999977,22.500855598999976,56.24550626000001,51.34106776099998,1846,417,2263,4539,1204,5743,10350,2832,13182,9467,2791,12258
,K0gW0A6gi7G,CoRL 2022 Conference,1,0.8256880733944953,0.8134556574923548,1,0.6666666666666666,71.64922123099996,134.356351162,21754,5347,27101,8.550272785000004,21.98856361999998,61.36578775999999,45.80493207899997,1925,383,2308,3149,1175,4324,8951,2485,11436,8718,2393,11111
,K8W6ObPZQyh,CoRL 2022 Conference,1,1,1,1,1,72.98032723300003,118.26194226200005,21248,5157,26405,7.819842433000019,22.92728969800004,63.08675799299999,47.94340735200001,1889,298,2187,2627,1135,3762,8737,2720,11457,8580,2631,11211
,L8hCfhPbFho,CoRL 2022 Conference,0,0.9649805447470817,0.9649805447470817,0.3333333333333333,1,70.69847641199999,188.77905030199997,25719,5657,31376,37.08526971200001,48.574468459,60.55345967400001,52.74096534299997,1919,287,2206,3291,1092,4383,8425,2697,11122,8270,2523,10793
,KXkzplx6H2K,CoRL 2022 Conference,1,0.6635730858468678,0.5336426914153132,1,1,77.46929146800005,150.61358641999993,27839,5751,33590,9.678265339999996,21.790205808999985,69.87297247800001,62.52015584099996,2054,452,2506,4116,1143,5259,10328,2311,12639,9748,2174,11922
,JErNvd_lKHr,CoRL 2022 Conference,1,0.9423076923076923,0.9423076923076923,0.8,0.5,79.91020846400005,179.58153763799993,24752,6135,30887,24.875451984999984,18.52818621,71.88462195999995,52.21229481,1772,464,2236,2520,1020,3540,9165,2648,11813,8999,2526,11525
,Go64YOmGwxM,CoRL 2022 Conference,0,0.9541284403669725,0.9541284403669725,1,0.5,86.60363989800004,188.34042755500002,27609,6237,33846,38.47340819300001,36.46007640199997,74.02870287100001,69.984017387,1913,391,2304,3098,998,4096,9847,2855,12702,9518,2793,12311
,LunGpKUNIR,CoRL 2022 Conference,1,0.9939759036144579,0.9939759036144579,0.5,0.7142857142857143,92.204737803,166.62809153100005,28001,6321,34322,11.60164695200001,34.428466643000036,81.31116967400004,70.61353141400002,1877,309,2186,3741,1111,4852,9520,2785,12305,9050,2933,11983
,KDuBFXyRuE-,CoRL 2022 Conference,1,0.9285714285714286,0.9285714285714286,1,1,96.29208629499999,194.40132330300003,26919,6788,33707,20.871140466000043,37.991249030000006,84.195738758,72.36243077,1831,357,2188,2786,1040,3826,9193,3419,12612,9106,2923,12029
,KWCZfuqshd,CoRL 2022 Conference,1,0.9743589743589743,0.9743589743589743,1,1,99.73182189900001,193.15966440500006,26851,7155,34006,27.750058378999995,24.51334576900001,86.21855767400001,78.254578643,1990,383,2373,2952,1012,3964,9167,3191,12358,8934,3052,11986
,MUcBYHjzqp7,CoRL 2022 Conference,0,0.9011627906976744,0.8895348837209303,1,1,56.23015317800002,116.96754360399996,25388,6375,31763,7.184724592000009,20.373675031999994,48.126511867999966,45.55721366699993,2009,315,2324,2853,1122,3975,8976,2701,11677,8794,2568,11362
,NEGjAH7p0fm,CoRL 2022 Conference,1,0.979381443298969,0.979381443298969,1,0.8000000000000002,51.311738943,106.684908554,25285,5609,30894,10.041299573999998,20.433448411000004,41.78472635099999,36.387627261000006,1994,397,2391,3355,1121,4476,8813,2287,11100,8611,2199,10810
,NanNxv92Uih,CoRL 2022 Conference,1,0.8713450292397661,0.8713450292397661,1,1,59.680746948999996,116.326738742,27530,6144,33674,11.542928221000002,19.580093079,50.06586717100001,45.020611107,1802,420,2222,3784,1091,4875,9645,2677,12322,9278,2560,11838
,No3mbanRlZJ,CoRL 2022 Conference,1,0.9523809523809523,0.9523809523809523,1,1,64.163277053,119.306474586,27681,6353,34034,12.394999120000001,18.602480816,54.744528817,49.98248625000001,2087,493,2580,3349,1011,4360,9311,3085,12396,8924,2818,11742
,OIaJRUo5UXy,CoRL 2022 Conference,1,0.9856115107913669,0.9856115107913669,1,1,58.127969793,117.58270723300001,28738,5985,34723,7.534751501000001,21.536773226,45.718443585,38.588116131999996,2110,331,2441,5524,1189,6713,10452,2047,12499,8673,2071,10744
,OzP68WT3UA,CoRL 2022 Conference,1,0.9661016949152543,0.9661016949152543,1,0.8000000000000002,61.920842405,109.00197666299998,22755,5342,28097,11.58978795,21.132395614000004,51.92445480399999,46.476725787999996,2015,412,2427,3045,1172,4217,9276,2816,12092,9351,2374,11725
,PAFEQQtDf8s,CoRL 2022 Conference,1,0.9761273209549072,0.9761273209549072,1,1,63.027476811999996,133.97027580200003,27039,6639,33678,9.882684957999999,21.613942326,53.48868774500001,47.24527926300001,1949,453,2402,3788,1199,4987,9632,2660,12292,8822,2419,11241
,QFYq0VwBCLE,CoRL 2022 Conference,1,1,1,1,1,53.56323166,113.67116108299997,27241,5851,33092,9.31838311899999,19.725577973,46.783710533999994,43.75107653299999,1942,437,2379,3157,995,4152,10824,2505,13329,10718,2307,13025
,PZiKO7mjC43,CoRL 2022 Conference,1,0.985663082437276,0.985663082437276,0.5,1,59.07423790599999,122.93356877300003,27346,6687,34033,10.820986837000007,16.83156534599999,51.51854934800001,47.183045586000006,2310,528,2838,3133,943,4076,9483,2904,12387,9366,2595,11961
,QSUsBMuw0uV,CoRL 2022 Conference,1,0.618705035971223,0.6151079136690647,0.6,1,59.373650844000004,122.75761958899999,28844,6503,35347,13.774288752000004,21.376868486999996,51.21020779499999,47.79529543599999,2027,570,2597,4398,1171,5569,9818,2679,12497,8727,2671,11398
,Re3NjSwf0WF,CoRL 2022 Conference,1,0.9739952718676123,0.9739952718676123,0.2,1,59.67913698300001,127.43687296499999,25020,6206,31226,9.557643186999996,18.374583179,50.03729294899999,44.57996045499999,1945,455,2400,2942,1019,3961,8952,2582,11534,8820,2335,11155
,QgXArq7RIh,CoRL 2022 Conference,1,0.850828729281768,0.8232044198895027,1,1,60.257721058,119.19375364500002,29174,4930,34104,7.7467473789999985,22.29768286800001,46.40991764100001,41.216743244,2045,332,2377,5453,1037,6490,10212,2017,12229,8638,1928,10566
,PS_eCS_WCvD,CoRL 2022 Conference,1,0.9285714285714286,0.922077922077922,1,1,80.04658916,135.81032877599998,26297,6264,32561,7.3561354809999955,18.465020525000007,72.19698906199999,47.128338006999996,2066,319,2385,3176,1022,4198,9118,2911,12029,8887,2520,11407
,RgJwDQwW82y,CoRL 2022 Conference,1,0.896358543417367,0.896358543417367,0.6666666666666666,1,54.672157381000005,95.70821689500002,21456,5044,26500,9.741914391000023,18.731766342000014,45.257015801999984,42.336593658,1992,371,2363,2919,1047,3966,8876,2402,11278,8484,2498,10982
,SM70KHTBG-0,CoRL 2022 Conference,1,0.8953974895397491,0.8953974895397491,0.6666666666666666,1,62.54417377300001,107.171081055,22201,5379,27580,9.255560895000002,17.444138718000005,53.42507931,49.21237033,2145,458,2603,2723,957,3680,9237,2776,12013,9159,2679,11838
,UAA5bNospA0,CoRL 2022 Conference,1,0.9801324503311258,0.9801324503311258,1,1,56.58696970599999,113.66643668199998,25878,5952,31830,8.362755278999998,19.80073342099999,49.832908962000005,41.71263030200001,2093,393,2486,3209,1007,4216,8657,2728,11385,8685,2315,11000
,TAgVKiF2O8p,CoRL 2022 Conference,1,1,1,1,0.8000000000000002,63.194924060000005,121.996272592,27369,6570,33939,8.213853013000005,18.823581872999995,55.735828002999995,52.18698268099999,1924,359,2283,3280,1058,4338,9388,3069,12457,8830,2919,11749
,SrSCqW4dq9,CoRL 2022 Conference,1,0.9888475836431226,0.9888475836431226,1,0.8333333333333334,64.754447064,122.043858814,26802,6367,33169,7.165767537999983,23.86246749199998,55.53168178200002,49.803059469000004,1908,323,2231,2987,1154,4141,9290,3105,12395,8862,2920,11782
,UW5A3SweAH,CoRL 2022 Conference,1,0.9441340782122905,0.9441340782122905,0,0.75,70.592011431,129.04989522199998,29712,6979,36691,9.047661740999985,18.644282104000013,61.935393405999974,56.267477284999984,2038,404,2442,3374,1028,4402,10364,3371,13735,9978,3233,13211
,UWTP_JvSug,CoRL 2022 Conference,1,0.8096514745308311,0.772117962466488,0.25,0.6666666666666666,56.789935321,121.62206450999997,25791,5753,31544,15.809657600999998,20.09889627999999,49.65654933899998,45.63567835500001,1944,360,2304,3131,927,4058,9225,2391,11616,8841,2554,11395
,ViYLaruFwN3,CoRL 2022 Conference,1,0.9944444444444445,0.9944444444444445,1,1,56.578748417000014,116.11207184600005,26844,5884,32728,15.356012539999995,18.837221666000005,49.350603800000044,40.973195154000024,2127,393,2520,3666,1056,4722,9042,2767,11809,8865,2333,11198
,VHia4Cint7,CoRL 2022 Conference,1,0.9592476489028213,0.9592476489028213,1,1,63.34621837099999,121.22463977100008,27849,6243,34092,6.114773533999994,21.771953264000018,56.014587603000024,46.909203373000025,2129,263,2392,3595,1014,4609,9765,2872,12637,9238,2576,11814
,V3Mjpi4kzdn,CoRL 2022 Conference,1,0.9330543933054394,0.9330543933054394,1,0.6666666666666666,65.219727914,118.28672347000003,29379,6163,35542,7.966117139000005,18.755542969000004,57.91042796799999,49.62226187099998,2240,357,2597,3337,996,4333,10611,2790,13401,10026,3076,13102
,WJbw_C-pCox,CoRL 2022 Conference,1,0.9452449567723341,0.9452449567723341,1,1,68.46693703999998,137.497798019,26806,6157,32963,7.9202187999999865,25.680200138999993,59.950761097,45.49369516099998,2006,357,2363,3288,1187,4475,9423,2633,12056,8942,2540,11482
,WbdaYyDkNZL,CoRL 2022 Conference,1,0.9857142857142858,0.9857142857142858,1,0.7142857142857143,63.067489257000005,120.33339514299999,27420,6154,33574,9.59715789500001,20.344858222,54.530269084999986,48.56648286200004,1964,351,2315,3551,1089,4640,9461,2652,12113,8890,2686,11576
,WkbvHMQL6uJ,CoRL 2022 Conference,1,0.905982905982906,0.905982905982906,1,1,64.586553106,122.80611657499998,25863,5781,31644,10.746763818999995,23.167918689000004,55.946601549000036,49.34435859500002,1940,343,2283,3194,1068,4262,8696,2783,11479,8482,2459,10941
,X6CjiTWVRVr,CoRL 2022 Conference,1,0.9705882352941176,0.9705882352941176,1,1,47.41528859499999,105.51064010299996,26853,5690,32543,9.02400842999998,18.930547480999962,44.307158260999984,41.11091940900002,2121,426,2547,4009,1056,5065,8838,2476,11314,8429,2350,10779
,X_qYPtJLaX8,CoRL 2022 Conference,1,1,1,0.8,1,61.252559303,106.129677703,26921,5337,32258,8.868937285999976,22.290179037,57.987518601999994,47.07787361899997,2057,422,2479,4628,1144,5772,10549,3063,13612,9622,2646,12268
,X4228W0QpvN,CoRL 2022 Conference,1,1,1,1,0.7142857142857143,72.48839045599999,130.92142999500004,28221,6734,34955,13.10856856800001,21.987070217999985,59.11601444900003,51.744386485999996,1942,304,2246,3078,1157,4235,10058,3309,13367,9959,2932,12891
,Xo3eOibXCQ8,CoRL 2022 Conference,1,0.9014084507042254,0.8732394366197183,0.75,0.8333333333333334,61.916406816999995,119.71711249099991,26810,6395,33205,8.910469484999965,19.17168723399999,54.700889286999995,47.94492393600001,1715,432,2147,3449,1065,4514,8979,3060,12039,9040,2613,11653
,Y7xQsyGEQ0C,CoRL 2022 Conference,0,0.04477611940298507,0.04477611940298507,1,0,61.82260973499996,108.82933683699997,25226,5762,30988,6.835190080000018,22.102319846,45.986696044999974,43.768968460999986,1728,303,2031,3325,1125,4450,8651,2558,11209,8229,2514,10743
,Y42uoIekm5b,CoRL 2022 Conference,0,0.03636363636363637,0.03636363636363637,1,0,73.71657822099996,117.97293780599995,28260,6204,34464,7.77093537799999,18.498765480999964,57.387153522999995,51.74425189100003,1956,360,2316,3595,1023,4618,9310,3147,12457,9270,3103,12373
,YmJi0bTfeNX,CoRL 2022 Conference,0,0.9863013698630138,0.9863013698630138,0.6666666666666666,1,57.780161738000004,112.44663283700004,27620,6012,33632,10.87141026400002,19.651785912000037,49.64672659600001,44.802067840999996,2185,533,2718,3473,1092,4565,9440,2663,12103,9262,2640,11902
,Y_YUEEQMjQK,CoRL 2022 Conference,1,0.9470752089136492,0.9470752089136492,1,1,67.46479624199998,123.61284840399992,26489,5838,32327,7.736921484999982,18.51499230899998,58.16136220899995,43.440996032999976,1988,284,2272,3704,1008,4712,8859,2611,11470,8460,2418,10878
,Xux9gSS7WE0,CoRL 2022 Conference,0,0.04545454545454545,0.04545454545454545,1,0,97.31744693899998,128.23390701099993,27599,6361,33960,6.38027882099999,19.800978722000025,60.050746550999975,52.34314614799996,1854,250,2104,3419,982,4401,9227,3184,12411,9189,2902,12091
,Z8mqodASTQd,CoRL 2022 Conference,1,0.9281045751633987,0.9281045751633987,1,0.5,64.31816942300003,109.28312739500001,24111,5882,29993,7.550518245000035,19.878635583000005,54.62908576500001,51.354776106999964,1945,353,2298,3543,1107,4650,9709,3054,12763,9187,3034,12221
,ZAbh4Zp0Blt,CoRL 2022 Conference,1,0.9827586206896551,0.9827586206896551,1,0.8000000000000002,59.221375531000035,124.34251968899997,27394,6584,33978,9.57489631300001,22.22687076599999,51.20249434799996,48.312159070999996,1932,443,2375,3813,1149,4962,9668,2846,12514,8470,2716,11186
,ZJYbW8Cwys,CoRL 2022 Conference,1,1,1,1,1,59.49747638000002,99.28798013100004,21500,5327,26827,6.207020918000012,17.636193622000008,50.428421988000025,46.54758146299997,1886,244,2130,2634,971,3605,9142,2711,11853,8970,2592,11562
,ZUtgUA0Fuwd,CoRL 2022 Conference,0,0.7325842696629215,0.7325842696629215,0.6666666666666666,1,54.43604718700004,111.56463825799995,25575,5973,31548,11.077729749000014,19.27907976099999,46.62935895299995,41.888480647999984,2093,554,2647,3117,986,4103,8959,2627,11586,8588,2337,10925
,ZL2keFk7WXJ,CoRL 2022 Conference,0,0.9315960912052118,0.9315960912052118,1,1,56.083278028999985,118.36718599999995,25475,6381,31856,11.881240004000006,20.05761737299997,48.82702782399997,44.03456956000002,2238,603,2841,2954,1045,3999,8832,2726,11558,8666,2450,11116
,ZezSmJq06Ep,CoRL 2022 Conference,1,0.9261477045908183,0.9261477045908183,1,1,60.51095477800004,120.58089931099988,27187,6369,33556,8.376286261000018,17.94706952499996,54.03747660199997,45.188379949999955,1977,402,2379,3659,935,4594,9761,2924,12685,9103,2454,11557
,_u4m5aEbWfU,CoRL 2022 Conference,1,0.9376443418013858,0.9376443418013858,1,0.5454545454545454,59.57701279500003,122.926625978,26233,6623,32856,8.47147142199998,22.50433067,52.768970636000006,49.57979849299994,2086,405,2491,2702,1162,3864,9056,3000,12056,8979,2777,11756
,b1zMsZuzd2e,CoRL 2022 Conference,1,0.9010989010989011,0.9010989010989011,1,0.875,44.82685537599997,98.29001326500003,24359,5236,29595,10.398571412000024,21.72671063399997,37.845882329999995,32.153824404000034,1840,512,2352,3750,1213,4963,8166,2095,10261,7997,1726,9723
,abd_D-iVjk0,CoRL 2022 Conference,1,0.9258160237388723,0.9258160237388723,0.6666666666666666,0.6666666666666666,66.62815219800001,111.94682854900003,22195,5543,27738,11.169274528000017,18.564039839999964,59.724554376000015,46.76126491400004,2130,408,2538,2418,1020,3438,9201,2922,12123,9223,2643,11866
,b88HF4vd_ej,CoRL 2022 Conference,1,0.962432915921288,0.962432915921288,1,0.8000000000000002,55.143315142999995,114.21542691499997,28277,5915,34192,11.786300631000017,21.604836543000033,48.323867791,44.08621858199996,2226,501,2727,4059,1209,5268,9330,2584,11914,8955,2466,11421
,aQnn9cIVTRJ,CoRL 2022 Conference,1,0.9702380952380952,0.9702380952380952,0.6666666666666666,1,80.02040094699998,139.63538055899994,35729,7381,43110,9.031295470999964,20.467585406000012,60.61570163399995,56.711914442999955,2113,429,2542,4725,1069,5794,10089,3353,13442,9391,3168,12559
,awciQcCEGJs,CoRL 2022 Conference,1,0.9831460674157303,0.9831460674157303,1,1,66.02493692499996,122.65272289200004,27643,6214,33857,8.177784233000011,23.137923825999962,55.51484178300001,50.19798552300006,1983,391,2374,3673,1277,4950,9376,2713,12089,8638,2847,11485
,bUUf1CT1sNu,CoRL 2022 Conference,1,0.8831908831908831,0.8831908831908831,0.6666666666666666,0.8571428571428571,69.80085790299995,134.29998882499996,29347,6969,36316,15.967313284,17.823916215999986,60.80647948699999,57.66566636400006,2072,570,2642,3399,995,4394,9722,3409,13131,9477,3246,12723
,cAIIbdNAeNa,CoRL 2022 Conference,1,0.9482758620689654,0.9482758620689654,1,0.8000000000000002,58.95147240599999,117.9023027109996,26877,6144,33021,8.845048908999956,23.502114320999908,50.05524536899986,42.8927827739999,1968,398,2366,3507,1119,4626,9300,2821,12121,9142,2393,11535
,cF1dxVGxic-,CoRL 2022 Conference,0,0.9887640449438202,0.9887640449438202,1,0.8571428571428571,57.59329261900007,121.22068520699997,24728,6571,31299,9.652524711999945,21.465138120000006,49.204710611999985,44.33619915400004,2087,477,2564,2978,1122,4100,8475,2763,11238,8324,2485,10809
,d-JYso87y6s,CoRL 2022 Conference,1,1,1,1,1,59.41108459800006,126.89505668099997,25726,5319,31045,6.979644207000035,18.356423849000066,50.64364236899996,45.052927748,2030,298,2328,3378,1014,4392,8813,2385,11198,8515,2225,10740
,bdHkMjBJG_w,CoRL 2022 Conference,1,1,1,1,0.9213483146067416,67.943227396,133.026970006,27435,6657,34092,18.588549968999985,19.818090332999986,58.20223606800005,46.889299116000075,2503,974,3477,3035,1094,4129,9267,2924,12191,9017,2604,11621
,eI8CZ2s267o,CoRL 2022 Conference,1,0.9891696750902527,0.9891696750902527,1,0.5,57.143050137000046,115.35946712599991,26216,6022,32238,6.592484165999963,18.38646297799994,48.52305799399994,44.66537735400004,1850,278,2128,3785,985,4770,8828,2626,11454,8526,2440,10966
,esOrVR_8-rc,CoRL 2022 Conference,1,1,1,1,0.8333333333333334,59.021310303000064,106.35239864899995,22647,5576,28223,9.887209396999992,20.371250366999902,49.761515078000116,48.479276907999974,2032,437,2469,3023,1099,4122,9521,2648,12169,9191,2715,11906
,fXMV2CEwNVo,CoRL 2022 Conference,1,0.9791666666666666,0.9791666666666666,1,1,58.30259137400003,116.40346329400006,26198,6062,32260,7.958431387000019,19.065113567000026,49.62948978500003,45.43119187700006,1703,371,2074,3246,1065,4311,9583,2548,12131,9011,2640,11651
,eyxfGTFZbNQ,CoRL 2022 Conference,1,0.9761273209549072,0.9761273209549072,1,0.875,62.45701889499992,123.63257845199996,27692,6615,34307,10.81804127199996,19.664441315999966,53.59390749199997,50.501383206000014,2074,544,2618,3575,1086,4661,9467,2831,12298,8884,2861,11745
,f_XmiyZcsjL,CoRL 2022 Conference,1,0.9488636363636364,0.9488636363636364,1,0.3333333333333333,73.04798512900004,133.68984464500022,31257,7252,38509,7.223072161000005,20.918592508000074,65.3657754950001,60.51137033900011,1959,328,2287,4153,1172,5325,10339,3572,13911,9407,3484,12891
,fnaMlJbRc4t,CoRL 2022 Conference,1,0.9497206703910613,0.9497206703910613,0.6,0.5,51.17243944400002,98.68129582899996,26038,5145,31183,8.544044224999993,18.46294138799999,42.06941060600002,34.86901672400006,1818,407,2225,4293,1032,5325,9431,2165,11596,8299,1919,10218
,gOW9pdOeqUc,CoRL 2022 Conference,1,0.9829351535836177,0.9829351535836177,1,1,55.812045267999906,103.82486079500006,21067,5481,26548,9.005627173000107,23.39026245299999,48.015373127999965,44.60829191999994,1834,442,2276,2810,1183,3993,8500,2701,11201,8340,2478,10818
,gJhuiYQ6VGJ,CoRL 2022 Conference,1,1,1,0.2,0.8333333333333334,56.81866216599997,119.0425782020003,25023,5837,30860,11.305823099000008,21.922540854999966,48.60099615100012,36.13903606700012,1953,534,2487,3251,1041,4292,8691,2443,11134,8594,1985,10579
,ft8IeFe4-8e,CoRL 2022 Conference,1,0.9458483754512635,0.9458483754512635,1,0.75,65.97144169899991,122.27204612800017,26183,6284,32467,7.09222782300003,18.732232509000028,56.57015620900006,50.374406991,1965,311,2276,2771,968,3739,8848,3027,11875,8592,3011,11603
,bJS2fBkFZ-K,CoRL 2022 Conference,1,0.9521276595744681,0.9521276595744681,1,1,238.69089729899997,128.13445126500005,25409,6731,32140,8.927342874000033,18.681442946999994,52.689209119000054,47.33139577899999,1942,417,2359,2982,1044,4026,8762,2803,11565,8582,2781,11363
,gUtbYFHluAg,CoRL 2022 Conference,1,0.9415807560137457,0.9415807560137457,0.75,1,71.30203193299997,130.08334880199982,26985,6421,33406,8.281608232999929,19.439625386999978,63.763017884999954,47.00827413999991,2066,401,2467,3428,1081,4509,9102,3111,12213,8775,2573,11348
,h0Yb0U_-Tki,CoRL 2022 Conference,0,0.9556313993174061,0.9556313993174061,1,0.8333333333333334,57.59933651699998,109.34278816000005,23394,5494,28888,8.68350370799999,20.09224826100001,49.88231328200004,47.39245113600009,1983,399,2382,3880,1083,4963,9288,2670,11958,8716,2319,11035
,hW0tcXOJas2,CoRL 2022 Conference,1,0.9928057553956835,0.9928057553956835,1,1,58.54010853799991,115.13250847600011,26182,6170,32352,7.8946331460000465,20.003328904,52.137649718000034,44.59247338799992,1794,374,2168,3317,1105,4422,9034,2758,11792,8528,2512,11040
,h5g_VDJJfbt,CoRL 2022 Conference,1,0.9802631578947368,0.9802631578947368,0.4,1,61.303107039999986,110.18095114700009,21507,5594,27101,7.322126335999997,19.35345577099997,53.838216233000026,51.18599787300002,1918,320,2238,2565,1085,3650,8920,2797,11717,8986,2650,11636
,iM932PeUi_7,CoRL 2022 Conference,1,0.9788359788359788,0.9788359788359788,1,1,60.98309456800007,120.91137797199997,25330,6428,31758,8.796820701000001,18.348180432999925,52.27876206999997,44.71240813400004,2095,392,2487,2691,1023,3714,9044,2805,11849,8807,2502,11309
,iRabxvK3j0,CoRL 2022 Conference,1,0.9798994974874372,0.9798994974874372,0.6666666666666666,1,59.3221842559999,105.9658014229999,22800,5411,28211,7.857371425999986,19.656344617999935,51.02207813899997,49.69294191899996,2153,346,2499,3010,1085,4095,9294,2657,11951,8871,2804,11675
,iVxy2eO601U,CoRL 2022 Conference,1,0.9863013698630136,0.9863013698630136,1,0.6666666666666666,56.448928801999955,111.787239452,26624,5954,32578,8.002965502000052,19.704645185999993,48.950904227000024,39.98611542499998,1859,324,2183,3559,1087,4646,9275,2737,12012,9001,2548,11549
,jTh3rdEF3LH,CoRL 2022 Conference,0,0.9398907103825136,0.9398907103825136,1,0.8571428571428571,62.24838840999996,123.13812047400006,26220,6281,32501,12.761516531000098,23.410518175999982,55.059625634999975,46.915551604999905,2142,630,2772,2840,1103,3943,8879,2978,11857,9149,2482,11631
,lLq09gVoaTE,CoRL 2022 Conference,1,0.9891304347826086,0.9891304347826086,1,1,67.43523686999993,130.913833889,27876,6491,34367,13.325472477000062,20.395910972000024,57.179521532999956,50.504186644000015,1998,326,2324,3610,1106,4716,9036,3074,12110,8916,2855,11771
,lV-rNbXVSaO,CoRL 2022 Conference,1,0.951048951048951,0.951048951048951,1,1,67.8193977919999,123.73959410999998,23598,6413,30011,10.017400038999995,25.64224547899994,58.57179172899998,50.393331631000024,2043,390,2433,3560,1352,4912,9154,3257,12411,8944,2855,11799
,mqry_xMzvCM,CoRL 2022 Conference,1,0.9675516224188789,0.9675516224188789,1,1,62.22337104899998,129.12309051500006,27670,6299,33969,11.350425316999917,22.128215833000013,54.09672741899999,42.78792746500005,2172,492,2664,4437,1151,5588,8868,2569,11437,8200,2498,10698
,lb7B5Rw7tjw,CoRL 2022 Conference,1,0.9120879120879122,0.9065934065934065,1,1,67.58520382699999,131.55825199700007,28166,5985,34151,8.296397488000025,22.55144515699999,57.724493714999994,44.446288186999936,1875,384,2259,4422,1169,5591,9382,2343,11725,8250,2678,10928
,nBnHXevkjZ,CoRL 2022 Conference,1,0.9845201238390093,0.9845201238390093,1,1,65.05077628899994,126.22690233299988,29082,6528,35610,8.325127846999976,20.790417515999934,58.15434428599997,53.79286240600004,2187,379,2566,3340,986,4326,10127,3190,13317,9936,3048,12984
,nPw7jaGBrCG,CoRL 2022 Conference,1,0.925925925925926,0.925925925925926,1,0.8000000000000002,76.12520551199998,147.61742186100025,26351,6420,32771,14.947403675000032,28.766833210000073,66.78288809200012,62.161942525000086,2038,340,2378,2941,1142,4083,8974,3061,12035,8984,2851,11835
,ndYsaoyzCWv,CoRL 2022 Conference,0,0.5656565656565657,0.5656565656565657,0.4,1,60.40851977,118.48496613399982,27513,6196,33709,13.008524264000016,21.46423331699998,51.251325280999936,46.24681405000001,2048,630,2678,3436,1050,4486,9939,2571,12510,9644,2633,12277
,nuAGobCwb8V,CoRL 2022 Conference,1,0.9438202247191011,0.9438202247191011,1,0.6666666666666666,58.3780898519999,110.66248891200019,26061,5781,31842,8.157551156000068,21.308228021000104,50.165925438000045,44.04852285499999,1985,379,2364,3200,1028,4228,8608,2825,11433,8556,2412,10968
,o8dLx8OVcNk,CoRL 2022 Conference,1,0.9724770642201834,0.9724770642201834,0.6,0.6666666666666666,66.02602786800003,115.08394453500011,30317,5876,36193,8.73669351600006,18.042122290000066,57.40903556600006,52.19907874599994,1904,388,2292,4262,978,5240,10883,2909,13792,10216,2714,12930
,niys1Zt1blq,CoRL 2022 Conference,1,0.9721115537848605,0.9721115537848605,1,1,72.57432725900003,114.12949187800007,24539,5871,30410,7.340377982000064,23.576737009,63.86718870499999,51.00969695000015,1923,309,2232,3156,1140,4296,10088,3439,13527,10302,2919,13221
,oLLOSt3zV4,CoRL 2022 Conference,1,0.9327146171693735,0.9327146171693735,0.6666666666666666,0.8333333333333334,71.13115603799997,115.53606464099994,23576,5856,29432,8.16803964199994,19.087742563999996,62.407192178999935,51.632604035999975,2031,386,2417,2812,1059,3871,10052,3319,13371,9794,2838,12632
,oPRhm0Aben_,CoRL 2022 Conference,1,0.9932432432432432,0.9932432432432432,1,1,52.98263615400003,97.64879046399994,22450,4938,27388,12.716017330999989,19.339359980999916,44.93574944399995,43.22147381700006,2035,422,2457,2976,1045,4021,9478,2481,11959,9141,2502,11643
,pPR--ivXwPD,CoRL 2022 Conference,0,0.9324324324324325,0.9256756756756758,0.75,1,58.655042191999996,100.24493448199985,22847,5324,28171,9.198177810999937,23.58042543800002,50.282227069999976,39.351611100000014,2096,441,2537,3272,1229,4501,9308,2835,12143,9397,2140,11537
,oud6xgdpqVM,CoRL 2022 Conference,1,0.9871794871794872,0.9871794871794872,1,0.75,67.25402513099993,125.31424150200007,27235,6545,33780,9.546197935999999,18.48536996000007,58.81978205799987,47.417708769,1920,399,2319,2835,964,3799,10028,3120,13148,9855,2675,12530
,pn-HOPBioUE,CoRL 2022 Conference,1,0.9476923076923076,0.9476923076923076,0.6666666666666666,0.8000000000000002,62.232071217,111.53875353100011,27366,5922,33288,8.294197957000051,17.80555395500005,52.056792642999994,47.599660193999966,1864,378,2242,3113,981,4094,9574,2797,12371,9458,2754,12212
,pVSaWTgDmCu,CoRL 2022 Conference,1,0.5903307888040712,0.5903307888040712,1,1,67.03465779400005,129.86112469300008,27437,6506,33943,9.297736708000002,21.60895635299994,58.17074741600004,48.55357254900002,2040,420,2460,3273,1199,4472,9415,3020,12435,9270,2740,12010
,qDtbMK67PJG,CoRL 2022 Conference,1,0.9277978339350181,0.9241877256317689,1,1,67.9701703290001,128.38327262400014,29248,6837,36085,8.639517288999969,18.274877091000008,59.02177551200009,53.55788567800005,2198,425,2623,3556,1005,4561,9520,3329,12849,9258,3188,12446
,qUhkhHw8Dz,CoRL 2022 Conference,1,0.946031746031746,0.946031746031746,1,1,69.10597506399995,120.78841466699987,24603,6498,31101,7.493855104999966,25.74434670300002,61.160393312999986,51.20558985399998,1924,346,2270,3880,1409,5289,9443,3453,12896,9513,2774,12287
,qUvTmyGpnm7,CoRL 2022 Conference,1,1,1,0.2857142857142857,1,55.006418551000024,115.617188811,25227,6209,31436,9.404180558999997,19.590152537999984,47.45813775199997,44.38106229799996,1914,434,2348,3107,1077,4184,8665,2657,11322,8583,2469,11052
,qr0wqg8NqkL,CoRL 2022 Conference,1,0.9769820971867008,0.9769820971867008,1,0.6666666666666666,62.16762463400005,119.98497880699995,25586,6450,32036,7.525505156999998,19.673665741000036,52.63440990099991,47.212772362999885,1929,344,2273,2998,1090,4088,8553,2970,11523,8336,2747,11083
,r-w9Wh-QVnH,CoRL 2022 Conference,1,0.9887640449438201,0.9887640449438201,1,0.7272727272727272,61.248564010999985,120.05509483299977,25454,6384,31838,10.339321728999948,19.79485483899998,52.06642624799997,45.354726077999885,1975,500,2475,3092,1091,4183,8219,2869,11088,8405,2512,10917
,qzMY915hCYX,CoRL 2022 Conference,1,0.9625360230547549,0.9567723342939481,1,1,70.15667652500008,114.67069977199992,22594,6082,28676,10.215320303999988,17.878159245000006,59.177925931000004,54.39104942200004,1971,425,2396,2894,984,3878,8707,3265,11972,8927,2983,11910
,rJIwfTxTXvm,CoRL 2022 Conference,1,0.9224489795918367,0.9224489795918367,1,1,62.6053331039999,119.23655500400002,26645,6156,32801,6.162884282999926,19.370841853,55.328433913000026,49.54161582500001,1844,269,2113,3459,966,4425,9158,2995,12153,8819,2648,11467
,rbIzq-I84i_,CoRL 2022 Conference,1,0.9325153374233127,0.9325153374233127,0.75,0.5714285714285714,55.104804725999884,114.13591646400005,26269,5620,31889,8.114848832000007,18.98795518199995,46.13729308300003,43.21963834799999,1977,373,2350,3864,1040,4904,8705,2371,11076,8796,2110,10906
,s6NEzqZKaP-,CoRL 2022 Conference,0,0.9782608695652174,0.9782608695652174,1,0.8000000000000002,60.08085945400012,119.01468507000027,26381,6178,32559,7.548463540000057,19.695883457999912,51.948483407000026,47.52380163100008,2139,364,2503,3274,1032,4306,9031,2597,11628,8646,2543,11189
,sygvGP-YLfx,CoRL 2022 Conference,1,1,1,1,1,58.869050485,120.5845391790001,26476,6153,32629,9.260209396999926,27.11435349300018,50.32323485899997,44.29919999999993,2004,448,2452,3296,1101,4397,9316,2824,12140,8784,2470,11254
,t-IO7wCaNgH,CoRL 2022 Conference,1,0.9866666666666666,0.9866666666666666,1,1,62.841274801000054,117.72031713600018,26925,5262,32187,7.932215676000169,22.89330751300008,53.38834275299996,41.369025399000066,1979,365,2344,3894,1099,4993,9223,2492,11715,9016,2145,11161
,tGbpgz6yOrI,CoRL 2022 Conference,1,1,1,1,1,55.45035586200015,96.35868508199974,21711,5058,26769,7.07191552900008,17.94347822099985,47.11225161499988,45.65219473299999,1953,302,2255,3021,987,4008,8702,2502,11204,8425,2597,11022
,tVgD4METs6o,CoRL 2022 Conference,1,0.9876543209876543,0.9876543209876543,0.75,1,55.483816897,117.59599422199994,27761,6163,33924,8.625721783000017,20.233560292999982,43.72157604200015,37.05913625700009,2031,390,2421,3428,1109,4537,8311,2196,10507,8080,2032,10112
,tJE1Yyi8fUX,CoRL 2022 Conference,1,1,1,0.5,1,69.16309345500008,137.29243446100008,28365,7400,35765,11.061037186000021,22.797341304999918,60.14618906700002,54.807971240999905,1964,507,2471,3444,1275,4719,9654,3303,12957,9129,3062,12191
,teEnA3L4aRe,CoRL 2022 Conference,1,0.9924433249370278,0.9924433249370278,0.4,1,61.02709508499993,122.3901220360001,24846,6567,31413,10.425851431999945,19.76842482500001,53.388253573000156,45.6863338820001,2095,474,2569,2598,1103,3701,8590,2919,11509,8468,2561,11029
,th7GW868Pok,CoRL 2022 Conference,1,0.9600000000000001,0.9600000000000001,0.5,1,58.42467687299995,115.053916695,26264,5933,32197,7.11250836399995,22.347144229999913,50.25534577999997,46.793585167000174,1958,306,2264,3306,1151,4457,8933,2539,11472,8502,2617,11119
,tiPHpS4eA4,CoRL 2022 Conference,1,0.9387755102040817,0.9387755102040817,1,1,59.36843961100021,104.87971058599987,22229,5659,27888,8.307518084999856,20.93569887800004,51.82684134600004,48.56260190299986,1989,348,2337,2793,1156,3949,8991,2905,11896,8920,2730,11650
,tyXMrpEMkDb,CoRL 2022 Conference,1,1,1,1,1,58.53581057400015,119.4666335930001,27340,6021,33361,6.7978376680000565,22.465845386000183,50.661791631999904,46.81551473200011,1924,312,2236,3833,1248,5081,9398,2701,12099,8560,2622,11182
,u4QXJbcvx8u,CoRL 2022 Conference,1,1,1,1,1,61.862468716999956,117.33071358400002,28623,6022,34645,6.8307152370000495,21.84620847699989,52.08786578000013,47.82953367899995,1895,302,2197,4413,1224,5637,10050,2673,12723,9415,2330,11745
,uCaNr6_dQB0,CoRL 2022 Conference,1,0.9565217391304348,0.9565217391304348,1,0.8000000000000002,60.66782676900016,103.7330204169998,22605,5541,28146,8.337150649000023,20.703403820999938,51.096176254000056,46.167270573999986,2058,390,2448,3233,1007,4240,9315,2588,11903,8477,2747,11224
,uPWhEXjyvoo,CoRL 2022 Conference,1,0.9147727272727272,0.9034090909090908,0.6666666666666666,0.8333333333333334,57.978862959000026,119.9468083060001,25689,6195,31884,9.367923093999934,19.962874661000114,50.105607985000006,40.24698301000012,1932,450,2382,3278,1104,4382,9118,2605,11723,9138,2216,11354
,tyxyBj2w4vw,CoRL 2022 Conference,0,0.8543046357615894,0.8410596026490067,0.5,1,95.33912826699998,127.57169611599966,27582,6183,33765,7.171083467999779,18.510999417999983,56.95644001200003,53.05123055900003,1868,327,2195,3573,1022,4595,8953,3075,12028,8652,2916,11568
,uhIfIEIiWm_,CoRL 2022 Conference,1,0.9548872180451129,0.9548872180451129,1,0.6666666666666666,75.20416329299997,145.42516365600022,28734,7125,35859,7.240513839000187,22.84810027000003,67.73362681399999,53.7405459969998,1890,320,2210,3779,1223,5002,9761,3391,13152,9287,3067,12354
,uUxDTZK3o3X,CoRL 2022 Conference,1,0.9777777777777777,0.9688888888888889,0.6666666666666666,1,96.18757401999983,157.08394052799986,26788,6432,33220,9.22379921300012,20.265703726999845,86.94499876000009,80.16193886199994,2202,450,2652,2578,1010,3588,10055,3029,13084,9886,2728,12614
,uhhA2OryTjj,CoRL 2022 Conference,1,0.9741935483870968,0.9741935483870968,1,0.8571428571428571,63.988804527999946,120.86404661699999,26198,5776,31974,10.129280068000071,18.210668198999883,56.32127915499996,45.21668881300002,2036,518,2554,3240,957,4197,9341,2549,11890,8937,2555,11492
,vyR0C7zvozS,CoRL 2022 Conference,1,0.9230769230769231,0.9230769230769231,1,1,57.669023043999914,125.96137930100008,26766,5900,32666,8.471004730000004,26.52081757699989,50.35954381800002,42.60772770000017,1796,370,2166,4175,1356,5531,9232,2162,11394,8296,2217,10513
,uv1nRhayFII,CoRL 2022 Conference,1,0.9182879377431906,0.9182879377431906,0.6666666666666666,0.6666666666666666,61.15436986200007,124.46884851000027,26691,6204,32895,10.649811123000063,22.878265908999992,51.94834777500023,48.762704028000144,2046,468,2514,2841,1071,3912,9396,2689,12085,9163,2804,11967
,wyCdmAJJY1F,CoRL 2022 Conference,1,0.9577464788732394,0.9577464788732394,1,1,69.54959941200013,134.4761454290001,28809,6382,35191,14.023252504000084,26.28605643800006,61.786506706999944,52.16333490400007,2048,435,2483,3759,1055,4814,9812,3188,13000,9528,2926,12454
,x6INXlnUGro,CoRL 2022 Conference,1,1,1,1,1,69.04483256000003,137.13675350199992,26216,7084,33300,10.445659423000052,17.813110973999983,61.410631691999924,51.65459996100026,1894,498,2392,2684,998,3682,8922,3269,12191,8847,2905,11752
,xK-UtqDpD7L,CoRL 2022 Conference,0,0.9684684684684685,0.9684684684684685,1,1,59.830819005999956,91.11390525299976,17433,4741,22174,9.336084450000044,16.26167174299985,52.55361073599988,49.57884231799994,2142,432,2574,2214,848,3062,9095,2724,11819,8864,2786,11650
,xC-68ANJeK_,CoRL 2022 Conference,1,0.9946236559139785,0.9946236559139785,1,1,61.79621405399985,110.46817589899979,22413,5665,28078,8.28311217800001,20.34752141900003,53.80468405899978,51.304139205999945,1914,373,2287,2502,1073,3575,9742,2879,12621,9612,2781,12393
,y1t0c5eUk2w,CoRL 2022 Conference,1,0.9547038327526133,0.9477351916376308,1,0.8000000000000002,58.73017969999978,123.86662338499991,31548,6314,37862,9.610454864000076,22.599109976999898,52.36755231300003,41.76571799699991,2068,440,2508,4225,1144,5369,8863,2779,11642,8680,2283,10963
,xjTUxBfIzE,CoRL 2022 Conference,1,0.9419354838709678,0.9419354838709678,0.6666666666666666,1,67.77932390499996,139.26519552600007,27119,6688,33807,9.41937267000003,20.484172399000045,59.76240873399979,54.44659045299977,2121,430,2551,3028,1140,4168,9286,2984,12270,9017,2815,11832
,yPJ9A0GWLg0,CoRL 2022 Conference,1,0.9570815450643777,0.9527896995708155,1,0.8571428571428571,58.61114832899989,139.37629971300044,27017,6161,33178,28.48680427100021,22.40981703800003,51.57607374999998,43.42729468200014,2103,669,2772,3428,1043,4471,9175,2642,11817,9088,2324,11412
,z_hPo2Fu9A3,CoRL 2022 Conference,1,0.9259259259259259,0.9259259259259259,1,0.8000000000000002,58.74897699800022,125.35425194399977,25835,5921,31756,7.05116798500012,21.313437613999895,51.67237145099989,46.76711371300007,1889,310,2199,3072,1107,4179,9152,2614,11766,9069,2384,11453
,zNB_UVj5oKQ,CoRL 2022 Conference,1,0.9448275862068966,0.9448275862068966,0.75,1,64.00500750599986,121.29589146799981,28201,5873,34074,9.738222618000009,24.896641420999913,52.98069971099994,42.434940980999954,1844,329,2173,4100,1176,5276,10114,2556,12670,9418,2610,12028
,-3G6_D66Aua,CoRL 2023 Conference,1,0.9526813880126183,0.9526813880126183,1,1,59.89708189000021,117.09942874199987,26583,6291,32874,8.078044273999922,19.354015510999943,50.682945938999865,45.50500861399996,1983,353,2336,3454,1013,4467,9407,2829,12236,8616,2539,11155
,zldI4UpuG7v,CoRL 2022 Conference,1,1,1,1,1,73.57527405499991,136.67780259700044,27870,6115,33985,14.087463963000118,23.462805792000154,63.91958204599996,57.51934954400008,1776,301,2077,3096,990,4086,9680,3233,12913,9640,2833,12473
,-K7-1WvKO3F,CoRL 2023 Conference,1,0.943089430894309,0.943089430894309,1,1,67.12221219799994,128.8610976409998,26841,6627,33468,9.353550814999835,17.479893862000154,59.6423603369999,49.28736075699999,2006,430,2436,3248,955,4203,8977,2982,11959,8447,2780,11227
,-HFJuX1uqs,CoRL 2023 Conference,1,0.9427917620137299,0.9427917620137299,1,1,83.38515186299992,144.33148324000013,28121,6938,35059,9.193426656999918,20.50714630399989,74.72327268799995,64.36077984000008,2141,434,2575,3071,1151,4222,9453,3089,12542,9126,3131,12257
,0bZaUfELuW,CoRL 2023 Conference,1,0.9452954048140044,0.9452954048140044,1,0.8000000000000002,51.70645448899995,121.13572972999987,21156,5696,26852,12.760737386000073,34.84827594599983,43.27096550500005,42.094175668999924,1989,612,2601,3244,1297,4541,8923,2090,11013,8420,2229,10649
,0I3su3mkuL,CoRL 2023 Conference,1,0.9583333333333334,0.9583333333333334,1,0.88,63.72363439699984,134.605747822,24883,6642,31525,11.195753967999963,24.193968969000025,53.961637766000194,40.808102943999984,2059,537,2596,3180,1356,4536,8524,2806,11330,8348,2230,10578
,09UL1dCqf2n,CoRL 2023 Conference,1,0.8782816229116944,0.8782816229116944,1,1,70.1440400460001,139.59925196799986,27854,6768,34622,11.868155217000094,25.11646943599999,61.94010544599996,53.925894326999924,2089,589,2678,2909,1227,4136,9569,3180,12749,9273,2913,12186
,0hPkttoGAf,CoRL 2023 Conference,1,0.9875776397515528,0.9875776397515528,1,1,64.80328718300007,120.49787423799967,20422,4835,25257,13.630834042999822,28.820676955999943,56.7518268299998,48.05112687199994,1973,421,2394,2680,1221,3901,8709,1978,10687,8389,2174,10563
,0hQMcWfjG9,CoRL 2023 Conference,0,0.9301075268817204,0.9301075268817204,1,1,59.09171605200004,111.84652324600006,21752,5598,27350,10.415493795999964,23.288153474999945,50.29473806300007,46.37161904300024,2114,462,2576,2858,1178,4036,8927,2660,11587,8774,2455,11229
,0mRSANSzEK,CoRL 2023 Conference,1,0.992,0.992,1,0.8888888888888888,74.96724393199997,147.19760375300052,24264,6498,30762,11.826220319000186,26.444994964999978,64.83238382000013,52.57279837100009,1919,415,2334,2754,1277,4031,8246,2791,11037,8157,2392,10549
,0o2JgvlzMUc,CoRL 2023 Conference,1,0.9623430962343097,0.9623430962343097,0.6666666666666666,0,63.48686405700005,109.01349743399987,23183,5519,28702,7.7986469529998885,24.74512897799991,52.78796621100014,50.011400888000026,1980,304,2284,3240,1334,4574,9558,2631,12189,9132,2777,11909
,2qKBwyLnln,CoRL 2023 Conference,1,0.980891719745223,0.980891719745223,1,1,64.18138107200002,128.718514165,25258,6516,31774,7.747636132000025,18.361153162999926,54.494422674999896,50.09511322000003,1911,347,2258,3084,945,4029,8521,2886,11407,8191,2624,10815
,2Qrd-Yw4YmF,CoRL 2023 Conference,1,0.9940119760479041,0.9940119760479041,1,0.75,65.66096655399997,130.88361964899968,27184,6721,33905,7.736988771999904,19.358101014999875,56.503087023000035,47.85124093799982,1956,347,2303,3762,1074,4836,9623,2799,12422,8672,2619,11291
,32c8pl84_uD,CoRL 2023 Conference,1,0.9959677419354839,0.9959677419354839,1,0.6666666666666666,60.77315529599991,123.71152642099992,26075,6159,32234,7.6418845939999756,22.86811617500007,51.806060355,46.56657841599986,1981,347,2328,3018,1047,4065,9255,2727,11982,9033,2438,11471
,3gh9hf3R6x,CoRL 2023 Conference,1,0.9904761904761905,0.9904761904761905,1,1,62.1320901470001,123.46304688800024,27645,6276,33921,10.086175830000002,21.000099610000007,53.88809022800001,48.300921103999826,1791,336,2127,3832,1134,4966,9500,2926,12426,8471,2695,11166
,3uwj8QZROL,CoRL 2023 Conference,1,0.9749303621169917,0.9749303621169917,0,1,64.26871816399989,119.96517161199995,21793,5869,27662,11.447713317999842,25.570494167000106,55.76918583399993,48.94570525800009,2010,402,2412,2706,1078,3784,8986,3008,11994,8522,2712,11234
,44FPaVRWkbl,CoRL 2023 Conference,1,0.9772151898734177,0.9772151898734177,1,1,62.48523926600001,129.53385863799986,26538,6743,33281,10.790054263999991,24.05204804899995,53.520524457999954,50.78930141899991,1799,480,2279,2907,1143,4050,9179,3007,12186,9167,2853,12020
,48qUHKUEdBf,CoRL 2023 Conference,1,0.8739946380697051,0.8686327077747988,1,1,60.27849286600008,111.91587452599993,20846,5783,26629,9.0611657259999,21.39241276000007,51.920728344000054,51.27981108600011,1767,379,2146,2251,1035,3286,8876,2831,11707,8789,2904,11693
,4ZK8ODNyFXx,CoRL 2023 Conference,1,0.96,0.96,1,1,64.50244801400004,132.42479106299993,27849,6878,34727,12.196756605000019,21.144018810000034,55.63873544900002,50.945228511000096,1792,590,2382,3491,1038,4529,10002,2850,12852,9275,2864,12139
,4uFVn6WHyzo,CoRL 2023 Conference,1,0.9940476190476191,0.9940476190476191,1,0.8571428571428571,68.35633029400014,128.18282150599975,26388,6453,32841,11.512374720999787,18.972144673000003,58.09436893099996,53.05785449799987,1959,488,2447,2744,1041,3785,9190,2917,12107,8867,2971,11838
,4x2RUQ99sGz,CoRL 2023 Conference,1,0.8605577689243029,0.8605577689243029,1,1,50.09897306499988,109.11883381800021,23930,5729,29659,7.031030051000016,22.947992203000013,40.75114042400014,39.028367848000016,1812,295,2107,2885,1177,4062,9194,2274,11468,8743,2127,10870
,5JMGq83yf1N,CoRL 2023 Conference,1,0.9777777777777776,0.9777777777777776,1,1,56.417940503999944,107.3706916650001,25080,5268,30348,8.472178616000065,19.041052974999957,49.66360641600022,40.73131048699997,1952,407,2359,2752,999,3751,8982,2519,11501,8903,2230,11133
,69y5fzvaAT,CoRL 2023 Conference,1,0.9504950495049505,0.9504950495049505,1,0,59.359048281000014,124.54266382899982,27267,6170,33437,8.604435878999993,23.523532574,49.73527332100002,48.28248147699992,1885,398,2283,3644,1090,4734,9802,2599,12401,8970,2601,11571
,6Um8P8Fvyhl,CoRL 2023 Conference,1,0.9690140845070423,0.9690140845070423,0,0.6666666666666666,69.32451109699991,128.88627976399994,28131,6898,35029,10.940397836000102,18.17537131800009,60.660785741999916,53.1144999149999,1870,536,2406,3104,945,4049,10008,3375,13383,9846,3091,12937
,6a4sECAMCA,CoRL 2023 Conference,1,0.9657142857142856,0.9657142857142856,1,1,72.57735791000005,154.60268380200023,28501,7850,36351,14.12531002600008,22.84797271100001,54.50001653000004,46.88207125399981,1935,411,2346,2824,1192,4016,8492,3001,11493,8208,2593,10801
,6kSohKYYTn0,CoRL 2023 Conference,1,0.9929078014184397,0.9929078014184397,1,1,61.628807929000004,124.94084915500025,24056,6108,30164,8.227132444000063,21.46046960700005,51.18158754199999,42.83465946499996,1686,306,1992,2795,1193,3988,8732,2512,11244,8474,2361,10835
,6zGpfOBImD,CoRL 2023 Conference,1,0.937799043062201,0.937799043062201,0.6666666666666666,1,74.50480242499998,120.90658221699982,27470,6065,33535,8.917794271000048,18.33178946099997,66.12209165299987,50.63983720500005,2107,431,2538,2901,990,3891,9388,3240,12628,9140,2738,11878
,770xKAHeFS,CoRL 2023 Conference,1,0.9355608591885441,0.9355608591885441,1,1,64.18448731400008,126.4861314809998,26807,6365,33172,8.862390500999936,21.424719432000074,54.33359742599964,48.29476471699991,2000,390,2390,3014,1002,4016,9669,2951,12620,9186,2645,11831
,7CtUcT_OHmC,CoRL 2023 Conference,1,0.9534883720930232,0.9534883720930232,1,0.6666666666666666,64.11425128600013,120.79019389599966,26375,5952,32327,9.040103390000013,16.70894899899986,56.96534406599994,47.77107509100006,1855,302,2157,2696,916,3612,9531,3041,12572,9496,2619,12115
,7Pkzm2FgUmq,CoRL 2023 Conference,1,0.9774436090225564,0.9774436090225564,1,1,61.25610896300009,131.17647114399983,25506,6332,31838,10.027175804999843,20.752743137999914,52.485499881999885,46.04438333799999,2025,417,2442,3165,1073,4238,8704,2823,11527,8558,2367,10925
,7TYeO2XVqI,CoRL 2023 Conference,1,0.9935483870967742,0.9935483870967742,1,1,60.11889350799993,113.39745461700045,24946,5648,30594,8.620553198999914,20.780133707999994,49.22680463200027,36.89165841000022,1874,384,2258,2837,1113,3950,9261,2521,11782,9395,2009,11404
,86aMPJn6hX9F,CoRL 2023 Conference,1,0.967741935483871,0.967741935483871,1,1,66.36654123499989,124.32505441300032,27652,6492,34144,9.38651409199997,24.751715294000178,55.94465843100011,49.04490950500008,2061,396,2457,3128,1176,4304,9812,3136,12948,9154,2720,11874
,8L6pHd9aS6w,CoRL 2023 Conference,1,0.9328621908127209,0.9328621908127209,1,1,55.98398637299988,126.80760301100008,20236,5273,25509,29.698095604999935,19.681704756000045,48.136574121999956,43.90823421599998,1905,336,2241,2764,1092,3856,8095,2536,10631,8065,2344,10409
,8asqEWO479I,CoRL 2023 Conference,1,0.9947916666666666,0.9947916666666666,1,1,68.321449734,128.7760154880002,28031,6570,34601,10.060193953999942,21.38200299500022,58.12545411300016,47.73964693699986,2033,423,2456,3376,1098,4474,9608,2648,12256,8884,3177,12061
,8scj3Y0RLq,CoRL 2023 Conference,1,0.9896907216494846,0.9896907216494846,1,1,66.53789307500006,102.71785447600018,22396,5346,27742,6.96195664600009,20.453164490000063,51.37473832800015,47.249024700000064,1851,272,2123,2715,1131,3846,9829,2794,12623,9270,2630,11900
,8yTS_nAILxt,CoRL 2023 Conference,1,1,1,1,1,61.52585950100001,124.78391846399995,24901,6162,31063,7.0448352319999685,23.910171322999986,53.83755083799997,44.707999664,1731,300,2031,3114,1344,4458,8280,2633,10913,8143,2640,10783
,93qz1k6_6h,CoRL 2023 Conference,1,0.9881796690307328,0.9881796690307328,1,1,67.84201834199985,117.79544449800005,26466,6050,32516,7.7836817520001205,17.718126101000053,58.44417148799994,48.43399824900007,2058,357,2415,2910,983,3893,8598,3062,11660,8740,2768,11508
,9GRE34K0SB,CoRL 2023 Conference,1,0.9724770642201835,0.9724770642201835,1,1,61.32260466099979,123.04361617899963,26185,6369,32554,8.152215744999921,21.635040159000027,51.46990396299998,47.7318145239999,1736,323,2059,3099,1079,4178,9046,2785,11831,9062,2633,11695
,9SM6l0HyY_,CoRL 2023 Conference,1,0.8859060402684563,0.8859060402684563,0.3333333333333333,1,65.69420327500006,138.76982556300004,24931,6057,30988,7.556717920999972,19.390310699999873,57.154111650999994,51.45396595200009,1893,350,2243,2729,1083,3812,8171,2869,11040,8187,2653,10840
,9bK38pUBzU,CoRL 2023 Conference,1,1,1,1,1,62.73953511500008,110.68221493199985,22253,5554,27807,8.177391150999938,19.888491897999984,59.87802820499974,52.99637291299996,1923,384,2307,2564,929,3493,9265,2745,12010,8717,3206,11923
,AIgm8ZE_DlD,CoRL 2023 Conference,1,0.9390243902439024,0.9390243902439024,1,1,59.19751633300007,109.10099452500026,25045,5808,30853,9.539382835999959,19.17644693300008,48.08253950500011,44.3675957920002,1870,395,2265,2800,1070,3870,8757,2665,11422,8405,2620,11025
,9cTEQWMo1BF,CoRL 2023 Conference,1,1,1,0.75,0.6666666666666666,75.1964364989999,112.76675987500016,22039,5812,27851,13.835061118000112,20.989128571000037,57.41087140800005,49.43309791699994,2128,463,2591,2196,1167,3363,9402,3136,12538,9186,2817,12003
,AnDDMQgM7-,CoRL 2023 Conference,1,0.918918918918919,0.918918918918919,1,0.8333333333333334,56.77638519900006,107.3961170580003,25364,5447,30811,7.817812170000025,21.121850491000032,48.735559457000136,43.315868849000026,1911,358,2269,2423,1152,3575,9262,2678,11940,9209,2394,11603
,ANJuNDFdvP,CoRL 2023 Conference,1,0.9483282674772036,0.9483282674772036,1,1,73.58744917700005,131.8296911780003,27156,6749,33905,10.276477272000193,25.223427425999944,62.68339030700008,54.84380585500003,1934,432,2366,2617,1119,3736,9155,3484,12639,9076,3060,12136
,9_8LF30mOC,CoRL 2023 Conference,1,0.9519450800915331,0.9519450800915331,1,1,119.81380715099999,179.17640358800008,22043,5868,27911,11.643122702000028,23.847994384999993,109.50314766700012,51.29513718299995,2216,548,2764,2460,1010,3470,9118,3006,12124,8997,2702,11699
,ApxLUk8U-l,CoRL 2023 Conference,1,0.9468822170900693,0.9468822170900693,1,0.75,57.15814615499994,99.44113726800015,20528,5320,25848,8.85146596200002,16.29862724199984,49.20720342000027,44.26980703900017,1832,402,2234,2239,899,3138,8864,2693,11557,8701,2448,11149
,AyRr_i028w,CoRL 2023 Conference,1,0.9770992366412213,0.9770992366412213,0.3333333333333333,0.6666666666666666,54.201722333999896,110.61434548700004,25512,5747,31259,8.791481762999865,22.663063546000103,46.971587022999984,42.45837448800012,1911,407,2318,3118,1172,4290,9028,2366,11394,8656,2426,11082
,BimpCf1rT7,CoRL 2023 Conference,1,0.9868995633187774,0.9868995633187774,1,1,57.00333121199992,98.01659226800007,20552,5181,25733,10.647458628000095,16.535973167999828,47.241241256999956,45.000222724000196,1856,416,2272,2473,915,3388,8701,2587,11288,8493,2506,10999
,B7PnAw4ze0l,CoRL 2023 Conference,1,0.9751243781094527,0.9751243781094527,1,1,61.141098632000194,120.01309357000014,25343,6414,31757,9.041787973000055,19.057180992999974,52.97845934500015,50.8097786620001,1942,447,2389,2456,1034,3490,8816,2885,11701,8768,2763,11531
,C5MQUlzhVjQ,CoRL 2023 Conference,1,0.9219330855018587,0.9219330855018587,1,0.8571428571428571,51.20404684899995,104.328745411,22566,5251,27817,10.779459006000025,17.850056943000027,42.07355255199991,37.271000160000085,1945,474,2419,2877,988,3865,7994,1996,9990,7586,2023,9609
,CnKf9TyYtf2,CoRL 2023 Conference,1,0.9714285714285713,0.9714285714285713,1,1,62.583784596999976,117.42083780200005,24881,5788,30669,7.771424259000014,19.9858931199999,51.77388483699997,46.847869759000105,1910,323,2233,2576,927,3503,8383,2808,11191,8308,2721,11029
,ES_TOp4YJeD,CoRL 2023 Conference,1,0.9392523364485982,0.9392523364485982,1,0.7272727272727273,57.27566977300012,105.65715553099994,20295,5411,25706,9.613926058999823,18.297396894999792,49.81734125600019,45.432446902000265,2161,440,2601,2382,985,3367,8376,2514,10890,8167,2513,10680
,E2vL12SwO1,CoRL 2023 Conference,1,0.976271186440678,0.976271186440678,0.5,1,61.32998473500015,116.74413746599976,27714,6029,33743,7.6121532079998815,24.40268094599992,52.779474271000026,48.78228303900005,1915,333,2248,3495,1220,4715,9524,2637,12161,8886,2865,11751
,D0X97ODIYK,CoRL 2023 Conference,1,0.9467084639498432,0.9467084639498432,1,0.5,71.78978245999997,135.31299771199997,27136,6853,33989,8.197278508999943,22.660401611999987,60.87947499699999,55.27555369400011,1887,357,2244,2879,1095,3974,9352,3146,12498,9188,3085,12273
,BzjLaVvr955,CoRL 2023 Conference,1,0.9386281588447654,0.9386281588447654,0.6666666666666666,0.8000000000000002,127.6942135490001,195.65158456899962,26441,6200,32641,22.48016589199983,28.520749567000166,104.292692837,49.06664786900001,1788,571,2359,2966,1080,4046,9456,2794,12250,9004,2753,11757
,EXQ0eXtX3OW,CoRL 2023 Conference,1,0.9333333333333332,0.9333333333333332,1,1,68.25181994700006,129.35765369399996,25854,6372,32226,9.652998877000073,20.117716081000026,56.622517301000016,53.67440260099988,1707,328,2035,2757,995,3752,8744,2976,11720,8559,2904,11463
,EvuAJ0wD98,CoRL 2023 Conference,1,0.9500000000000001,0.9500000000000001,1,0.8000000000000002,59.58090541899992,110.37155346600025,23260,5765,29025,8.961529866000092,26.66826547300002,50.72652362300005,43.098138856000105,1930,409,2339,3294,1252,4546,9583,2750,12333,9652,2384,12036
,Eyb4e3GBuuR,CoRL 2023 Conference,1,1,1,1,0.8333333333333334,62.38513301399985,107.59120881999979,21911,5702,27613,8.581662851999909,22.611817668999947,53.37725916199997,48.720223111999985,1878,327,2205,2655,1223,3878,9178,2929,12107,8784,2744,11528
,FRKBdXhkQE0,CoRL 2023 Conference,1,0.7158469945355191,0.6721311475409837,1,1,66.1823843709999,134.6906359760003,28002,7056,35058,7.905722724000043,24.047807835999947,56.5348317280002,54.397676560000036,1886,347,2233,3557,1250,4807,9307,3116,12423,9055,3185,12240
,FefFLN5FvIM,CoRL 2023 Conference,1,0.966789667896679,0.966789667896679,1,1,65.80182485399996,122.4681874800001,21725,5630,27355,7.874124906000134,36.3244681189999,54.907751393000126,50.23481092199995,1901,354,2255,2421,1148,3569,9049,2962,12011,8786,2900,11686
,Ffn8Z4Q-zU,CoRL 2023 Conference,1,0.8975609756097561,0.8975609756097561,0.6666666666666666,1,63.368030340999894,124.66631565300008,25574,6462,32036,8.031893006000018,22.32751357899997,51.92680621600016,47.75732469400009,2004,352,2356,2983,1215,4198,8478,2839,11317,8363,2780,11143
,G_FEL3OkiR,CoRL 2023 Conference,1,0.93573264781491,0.93573264781491,1,0.75,53.741577305999954,109.22722387699991,24770,5871,30641,10.92907629299998,17.21980441400001,45.16709954499993,37.86234936599999,1811,520,2331,3045,960,4005,8855,2395,11250,8627,2108,10735
,GsM2qJTAg-,CoRL 2023 Conference,1,0.9464285714285715,0.9464285714285715,0.6666666666666666,0.8000000000000002,59.20152128200016,124.45527136900023,27242,6722,33964,9.192407100000082,20.256995367000172,51.51483108499997,48.29160992900006,1902,435,2337,3346,1135,4481,10247,2611,12858,9680,2772,12452
,HCWoFkGe8L4,CoRL 2023 Conference,1,0.9661016949152543,0.9661016949152543,1,1,55.51084180700013,101.32384946199977,20775,5322,26097,11.277519726000037,16.89976660100001,48.07956659599995,46.55825630799973,1812,423,2235,2097,934,3031,9207,2660,11867,9095,2592,11687
,HEIRj51lcS,CoRL 2023 Conference,1,0.9783783783783785,0.9783783783783785,1,0.6666666666666666,65.86261913999988,124.4609450099997,26031,6742,32773,7.029132545000039,18.665845478999927,57.516187898,44.61943354800019,1934,314,2248,2993,1009,4002,8880,3260,12140,8863,2506,11369
,HDYMjiukjn,CoRL 2023 Conference,1,0.952054794520548,0.952054794520548,1,1,77.63443404800023,127.54717645499954,26525,6572,33097,12.406100410999898,21.625604708999845,59.9206867769999,47.75454999299973,1730,410,2140,3257,1212,4469,9262,3180,12442,8629,2712,11341
,HYka22IcV6,CoRL 2023 Conference,1,1,1,0,1,69.115080476,112.07055388200001,20634,5536,26170,7.946589380000205,18.150455786999828,60.461599978000095,51.701899770999944,1839,344,2183,2291,966,3257,8448,2964,11412,8523,2727,11250
,IM8zOC94HF,CoRL 2023 Conference,1,0.9949238578680203,0.9949238578680203,0.6,1,57.90525784800002,120.5013721690002,25802,6077,31879,11.656689720000031,24.470558533000258,49.465477260999705,44.283275704999596,1950,494,2444,2771,1051,3822,9671,2370,12041,9163,2489,11652
,IeKC9khX5jD,CoRL 2023 Conference,1,0.955223880597015,0.955223880597015,1,1,58.07283568699995,118.53730784300024,25433,6179,31612,10.856489071999931,21.04414370700033,49.16650164600014,43.82463777299972,1953,491,2444,3375,1172,4547,8432,2693,11125,8453,2338,10791
,HtJE9ly5dT,CoRL 2023 Conference,1,0.961783439490446,0.961783439490446,1,0.75,114.91515831699985,160.8849727050001,21092,5576,26668,9.105854448000173,19.094164309000007,106.62381067800015,45.40256917000033,1844,437,2281,2556,1072,3628,8985,2825,11810,8792,2550,11342
,JkFeyEC6VXV,CoRL 2023 Conference,1,0.9706666666666668,0.9706666666666668,1,0.5714285714285715,59.40952854000034,112.18726930499997,26687,5990,32677,8.536597702000108,20.81343159900007,48.039737452999816,45.04537673100003,1966,386,2352,3185,1142,4327,9398,2600,11998,8988,2664,11652
,JdpleC92J4,CoRL 2023 Conference,1,0.9749303621169917,0.9749303621169917,0.5,1,69.02596008,121.71558011999969,26751,6300,33051,9.705625578000308,18.4328058709998,55.16724211599967,48.830280198999844,2054,415,2469,3168,962,4130,8815,3002,11817,8616,2740,11356
,K8cGp8rVLIP,CoRL 2023 Conference,1,0.9444444444444444,0.9444444444444444,1,0.75,59.62554961600017,121.5660674210003,24250,6533,30783,8.66189948200008,19.66417903399997,51.390901587999906,47.45613993300003,1868,408,2276,2506,975,3481,8491,2891,11382,8272,2668,10940
,MF_cS7TCYk,CoRL 2023 Conference,1,1,1,1,1,52.70949593799969,94.24331536600084,20446,4304,24750,8.554717173999961,20.30540152100002,45.03517538500046,42.90256277300023,1697,368,2065,2729,377,3106,8558,2519,11077,8540,2392,10932
,MnANx01rV2w,CoRL 2023 Conference,1,0.9090909090909091,0.9090909090909091,1,1,62.64133669099965,112.42874139400055,20925,5135,26060,15.251293991000239,20.538841146999857,53.49624864600037,45.079628768000475,2001,471,2472,2314,953,3267,8651,2711,11362,8653,2532,11185
,N3VbFUpwaa,CoRL 2023 Conference,1,0.9584664536741214,0.9584664536741214,1,0.8000000000000002,62.02745388999983,111.99778165900034,24968,5935,30903,7.996701890999702,19.25696893300028,52.05575116499995,46.43820689799986,1857,341,2198,2702,1063,3765,8430,2713,11143,8217,2657,10874
,PK2debCKaG,CoRL 2023 Conference,1,0.9708029197080292,0.9635036496350364,1,0.8000000000000002,66.21933744199987,123.066376451,24596,6362,30958,9.328997466000146,22.747808488999908,53.184839834000286,47.56267895100018,1898,367,2265,2393,984,3377,8615,3008,11623,8457,2689,11146
,PalhNjBJqv,CoRL 2023 Conference,1,0.9562499999999999,0.9562499999999999,1,1,68.86316076399999,113.97894575699956,21976,5606,27582,8.57769632999998,17.840023925999958,60.389089517999764,52.44697768299966,1822,404,2226,2313,996,3309,9545,2961,12506,9527,2887,12414
,Nii0_rRJwN,CoRL 2023 Conference,1,0.9336870026525199,0.9336870026525199,1,0,78.73162601400008,129.70232838199945,29596,6839,36435,10.098604881000028,22.231010879999758,67.4468857199995,56.834886706999896,1872,461,2333,3421,1178,4599,9397,3701,13098,9620,3207,12827
,PsV65r0itpo,CoRL 2023 Conference,1,0.9454545454545454,0.9454545454545454,0.75,0.6666666666666666,56.029043080000065,117.75653047099968,27169,6317,33486,9.897263386999839,23.623254688000088,48.87007087599977,46.6983284920002,1863,472,2335,3383,1229,4612,9342,2755,12097,8706,2749,11455
,PwqiqaaEzJ,CoRL 2023 Conference,1,1,1,0.6666666666666666,0.6666666666666666,68.520902557,108.64732450899999,20775,5451,26226,8.719057976999999,18.087684659999997,54.397216060999995,43.579493147,1891,348,2239,2635,966,3601,8511,2774,11285,8444,2380,10824
,JtK7F6D8t-3,CoRL 2022 Conference,1,0.8743169398907105,0.8579234972677595,1,1,71.20270383200001,124.094099406,26731,6444,33175,10.528773347999998,18.419758151999996,55.565805239,46.488531124000005,2106,504,2610,3298,1013,4311,8759,3026,11785,8580,2830,11410
,QG_ERxtDAP-,CoRL 2023 Conference,1,0.9831460674157303,0.9831460674157303,1,1,60.551138247999994,113.166670878,26780,5715,32495,9.452529468000002,18.703438360999996,52.32403469700001,48.46054351,1834,381,2215,3258,960,4218,8947,2907,11854,8668,2633,11301
,Q8BGLiWn2X,CoRL 2023 Conference,1,0.9649805447470817,0.9649805447470817,1,1,64.456636051,127.94018650399998,26036,6705,32741,9.861349792000006,21.254017736999998,54.76135537999999,46.984257746999994,1832,401,2233,3149,1125,4274,8831,3039,11870,8818,2600,11418
,Q9ezhChqnL,CoRL 2023 Conference,1,0.9921671018276764,0.9921671018276764,1,1,67.79068000699999,141.28212795500002,29604,6418,36022,11.727912908000008,35.961477061000004,57.931464059999996,49.628118259000004,2098,542,2640,3754,1024,4778,10434,2916,13350,10157,2959,13116
,RQ_7yVV8vA,CoRL 2023 Conference,1,0.9880478087649401,0.9880478087649401,1,1,64.15198619,131.782434788,25749,6532,32281,9.264747818000004,27.214337701000005,54.14944870299999,53.060496864999976,1779,296,2075,2826,1265,4091,8841,2975,11816,8698,2799,11497
,Pwsm7d0iWJD,CoRL 2023 Conference,1,0.9830508474576272,0.9830508474576272,1,1,112.29883023800002,167.46406831200002,26508,5572,32080,7.8364164620000025,23.361464256000005,102.631065565,39.56525595200001,1691,328,2019,3810,1253,5063,9351,2492,11843,8655,2339,10994
,QNPuJZyhFE,CoRL 2023 Conference,1,0.9906542056074766,0.9906542056074766,1,0.8333333333333334,75.001084593,140.402601286,26517,6876,33393,13.991564583999988,22.059495298,62.106657436000006,57.60574785200001,1980,393,2373,2786,1103,3889,8944,3200,12144,8777,3005,11782
,RaNAaxZfKi8,CoRL 2023 Conference,1,0.941747572815534,0.941747572815534,1,1,69.65882277,133.32951105499998,27417,6848,34265,8.811135070000006,20.485147782999988,60.90674174599998,56.196502515999995,1925,396,2321,2829,982,3811,9641,3171,12812,9366,3145,12511
,RcZMI8MSyE,CoRL 2023 Conference,1,0.994413407821229,0.994413407821229,1,1,63.43415784199999,111.69724205299998,26729,5753,32482,6.570894190000004,18.286019429999996,52.45982403399999,44.078336902000004,2043,236,2279,3654,987,4641,8869,2880,11749,8563,2414,10977
,Rb0nGIt_kh5,CoRL 2023 Conference,1,0.9763779527559054,0.9763779527559054,0,1,90.51367694700001,155.30853547199996,24716,6618,31334,9.846863946999989,19.408900908999996,80.04602916999998,48.09089720599998,1926,455,2381,2605,1067,3672,8649,2962,11611,8577,2650,11227
,SgTPdyehXMA,CoRL 2023 Conference,1,0.9328358208955224,0.9328358208955224,1,0.9500000000000001,58.63817132,107.403114577,21459,5626,27085,13.386120640000001,20.191143165,49.782573041000006,47.517211609000015,2122,527,2649,2429,1099,3528,8669,2765,11434,8648,2775,11423
,TWgoGdubPN,CoRL 2023 Conference,1,0.9266862170087976,0.9266862170087976,1,1,66.39949067199998,129.33042415399999,26577,6041,32618,10.549440723999993,27.291389936,57.25168273599999,49.03526991800001,1947,362,2309,2709,1043,3752,9778,2990,12768,9750,2520,12270
,TgJ8vJUVUBR,CoRL 2023 Conference,1,0.9627659574468085,0.9627659574468085,0.6666666666666666,0.6666666666666666,63.92673501599998,131.43184534999995,25449,6699,32148,13.314696408999993,19.061882158999992,57.828214164,53.32984077099999,1886,542,2428,2497,1056,3553,8795,3003,11798,8734,2821,11555
,UVARkqnsDd,CoRL 2023 Conference,1,0.9449838187702265,0.9449838187702265,1,0.888888888888889,59.57361498,122.46279235300003,24396,5783,30179,7.767107472000021,21.068584748999996,51.20786907499999,43.53374070200002,1853,358,2211,2703,1055,3758,8751,2487,11238,8647,2461,11108
,Tka2U40pHz0,CoRL 2023 Conference,1,1,1,0.5,0.8333333333333334,72.999318665,132.06303266800003,26977,6377,33354,10.685211680000009,17.570381712,62.043167232,54.47332263199999,1857,374,2231,2595,898,3493,9246,3135,12381,9081,3015,12096
,UZpWSDA3tZJ,CoRL 2023 Conference,1,0.9370932754880693,0.9370932754880693,1,0.5,58.484700548000006,115.49733875899997,26354,5745,32099,9.340879037000008,18.734576656,51.03245135099999,47.04001180399996,1814,444,2258,3266,977,4243,8910,2684,11594,8519,2621,11140
,VH6WIPF4Sj,CoRL 2023 Conference,1,0.9672544080604534,0.9672544080604534,0.75,0.8571428571428571,64.947727893,128.46128869400002,26540,6694,33234,9.43026283399999,22.313059655000018,57.17736066299997,49.349828658999996,1792,440,2232,3222,1191,4413,8949,2991,11940,8770,2675,11445
,VscdYkKgwdH,CoRL 2023 Conference,1,0.9738717339667459,0.9738717339667459,1,1,58.160075885000026,132.73671843799997,28718,6447,35165,12.24718132999999,24.999155041000023,45.246684891,38.021033604999985,1888,434,2322,3170,1096,4266,9495,2114,11609,9187,2022,11209
,VtJqMs9ig20,CoRL 2023 Conference,1,0.9408740359897172,0.93573264781491,1,1,56.301914830000015,108.63660484799993,25881,5394,31275,6.945117500000009,18.972566080000036,49.258992578999965,44.646318624999964,1972,288,2260,3421,955,4376,8815,2459,11274,8183,2487,10670
,VtUZ4VGPns,CoRL 2023 Conference,1,0.9702380952380952,0.9702380952380952,1,1,44.95480405399999,99.81220797199995,19391,4568,23959,8.477448796000033,31.97212280499997,37.543337011000006,34.10133681899998,1998,386,2384,2507,1175,3682,8394,1787,10181,8261,1863,10124
,VLihM67Wdi6,CoRL 2023 Conference,1,0.9158415841584159,0.9158415841584159,0.3333333333333333,0.8333333333333334,80.048870488,123.94115532999999,27572,6308,33880,9.944251476000005,21.427002103000007,56.443478546999984,49.100570678999986,1947,450,2397,3171,1157,4328,9313,2930,12243,9033,2726,11759
,W5SrUCN0yUa,CoRL 2023 Conference,1,0.9831932773109243,0.9831932773109243,1,0.8333333333333334,67.15643564599998,122.48895553400001,28001,6039,34040,8.188531581000007,20.98917203900004,57.13360466099999,49.530344852999974,1966,354,2320,2978,1143,4121,10519,2863,13382,10263,2637,12900
,W7eg2NqFJ60,CoRL 2023 Conference,0,0.975609756097561,0.975609756097561,1,0.8571428571428571,65.65629478300002,111.53265888100003,23027,5398,28425,10.530877838000038,18.915270674999988,54.80117784000004,51.25773292600002,1935,516,2451,3261,1020,4281,9270,2783,12053,8843,2665,11508
,W8MjsxHrDpL,CoRL 2023 Conference,1,0.9548872180451129,0.9548872180451129,1,0.6666666666666666,63.28827207299997,117.865093936,25494,6028,31522,6.547076051999966,21.459110726000006,54.17764711000001,49.45499846900003,1781,257,2038,2671,1106,3777,8795,2947,11742,8478,2754,11232
,WWiKBdcpNd,CoRL 2023 Conference,1,0.9747126436781608,0.9747126436781608,1,1,61.45639114200003,104.52224789999997,21522,5258,26780,9.321829564999973,19.680428671000016,52.694049038999935,44.31434024199996,1823,435,2258,2571,946,3517,9007,2782,11789,8747,2457,11204
,WmF-fagWdD,CoRL 2023 Conference,1,0.9770992366412214,0.9770992366412214,1,1,62.23242044900002,119.15580775300003,26470,6231,32701,9.797860088999983,19.160663973,57.167512310000006,50.68305257600002,1844,445,2289,3065,1052,4117,8971,3028,11999,8929,2654,11583
,WGSR7HDuHu,CoRL 2023 Conference,1,0.926829268292683,0.926829268292683,1,1,71.90606803099996,123.64138372799994,29367,6591,35958,8.873274845999958,17.868543541999998,58.521405197000036,54.482309903999976,2004,384,2388,3930,929,4859,9728,3283,13011,9098,3126,12224
,WuBv9-IGDUA,CoRL 2023 Conference,1,0.926984126984127,0.926984126984127,1,1,67.41327136000001,128.170429513,26468,5976,32444,7.816301076000002,21.306151021999995,60.985617145999925,53.89077132899996,1895,347,2242,2820,1052,3872,8511,3107,11618,8588,2912,11500
,X7okQlJz9M,CoRL 2023 Conference,1,0.08163265306122448,0.06122448979591836,1,1,68.676608262,130.39798790100002,29563,6919,36482,6.9887430859999995,19.03639391400003,53.00895955200002,48.65760704600001,1749,305,2054,2689,1025,3714,8815,2976,11791,8556,2712,11268
,X0cmlTh1Vl,CoRL 2023 Conference,1,1,1,1,1,81.82216502200004,144.94403745900001,25017,5743,30760,11.982699685,21.68321449800004,71.340428783,58.244962525999995,1836,339,2175,4297,1089,5386,9856,2939,12795,8918,3031,11949
,XsWGVbPfB4Z,CoRL 2023 Conference,1,0.9760479041916168,0.9760479041916168,1,1,61.949665307999965,124.46400015499995,24702,5961,30663,8.616893191000031,19.278002888999993,53.82908169000001,43.75973330400001,1826,378,2204,2937,1058,3995,8641,2505,11146,8329,2472,10801
,XEw-cnNsr6,CoRL 2023 Conference,1,0.9411764705882353,0.9411764705882353,1,1,70.538568779,124.17653622400002,25712,6464,32176,8.743009856000015,19.55289719000001,60.62559042199996,49.70523143899999,1819,374,2193,2601,1028,3629,9125,3263,12388,8734,2751,11485
,ZFjgfJb_5c,CoRL 2023 Conference,1,0.9837133550488599,0.9837133550488599,1,1,68.223418246,139.69407675200006,26154,6251,32405,7.038325744000019,21.03041847000003,58.34364656299999,49.14148377499998,1955,293,2248,3458,1067,4525,9045,2643,11688,8482,2699,11181
,_A15qsPswaK,CoRL 2023 Conference,1,0.9752066115702478,0.9752066115702478,0.3333333333333333,1,73.902873946,133.7900924870001,27830,6783,34613,9.980812048000018,24.29253825500001,62.805238006000025,52.701295309000045,1986,464,2450,3274,1234,4508,9205,3223,12428,9102,3008,12110
,_DYsYC9smK,CoRL 2023 Conference,1,0.9798657718120806,0.9798657718120806,1,0.8000000000000002,66.25819824500002,116.19086157899994,26357,5682,32039,7.621217194999986,19.380450162000045,56.300354753999954,44.01061323699997,1865,323,2188,3462,1041,4503,8819,2404,11223,8219,2793,11012
,a0mFRgadGO,CoRL 2023 Conference,1,0.9408450704225352,0.9408450704225352,1,0.875,56.73127362599996,96.19280890399995,20843,5035,25878,8.209480319999955,18.485983179000016,46.45805385599999,43.56720809099994,1995,355,2350,2475,1000,3475,8618,2521,11139,8440,2393,10833
,_gZLyRGGuo,CoRL 2023 Conference,1,0.956772334293948,0.956772334293948,1,1,66.037142872,136.85295377600005,26998,6699,33697,12.130301029000009,22.371698374999994,53.96317617100004,51.74747182499999,1847,464,2311,3269,1115,4384,9478,2915,12393,9411,2777,12188
,_xFJuqBId8c,CoRL 2023 Conference,1,1,1,0.6666666666666666,0.75,76.75319409499997,139.41109357000005,30981,7149,38130,12.119069785000022,19.81708276400002,52.59208794,50.23944985100002,1986,475,2461,3603,1053,4656,9436,2783,12219,8648,2788,11436
,afF8RGcBBP,CoRL 2023 Conference,1,0.9945054945054945,0.9945054945054945,0.6666666666666666,1,80.81012434400003,138.45576578799995,24506,5961,30467,8.760179824999966,18.34258037799998,71.767420663,66.322521946,1811,398,2209,2762,941,3703,8881,2585,11466,8409,2342,10751
,b-cto-fetlz,CoRL 2023 Conference,1,0.9710144927536232,0.9710144927536232,0.3333333333333333,0,64.23924843599997,123.41307894600004,26119,5987,32106,11.000078463000023,22.476878693999993,55.64554216199997,45.604742862999956,1941,492,2433,3116,1021,4137,8599,2840,11439,8607,2577,11184
,b1tl3aOt2R2,CoRL 2023 Conference,1,0.9090909090909091,0.9090909090909091,1,1,60.16043631499997,115.63971405399991,28134,6140,34274,9.476715031000026,18.628517785999975,51.30221554499997,48.784969367999906,2094,423,2517,3874,1009,4883,9509,2849,12358,8780,2708,11488
,bIvIUNH9VQ,CoRL 2023 Conference,1,0.9538461538461539,0.9538461538461539,1,0.75,62.857625464999956,129.046777632,25920,6633,32553,8.937789008999971,21.217193368999972,56.294660919999956,51.04774760500004,1955,384,2339,2705,1163,3868,9159,3047,12206,9056,2663,11719
,cjEI5qXoT0,CoRL 2023 Conference,1,0.9420289855072463,0.9420289855072463,0.6666666666666666,1,58.091771592999976,100.28383592199987,22374,5388,27762,13.777889272999971,19.668624577999992,49.005586162999975,46.1093131959999,2094,683,2777,2823,1086,3909,9207,2565,11772,9121,2557,11678
,ckeT8cMz_A,CoRL 2023 Conference,1,0.9009009009009009,0.9009009009009009,0.6666666666666666,0,59.40131033599994,119.44482165700003,23832,6062,29894,10.84382641600007,19.23594386100001,48.59394750299998,43.34146740599999,1944,458,2402,2592,1053,3645,8229,2446,10675,8157,2387,10544
,dIgCPoy8E3,CoRL 2023 Conference,1,0.9939024390243902,0.9939024390243902,1,1,72.37352159900001,142.90698390800003,27972,6903,34875,9.241912191999972,22.370977724,63.759933531,54.00253275,1833,423,2256,3362,1033,4395,9961,3035,12996,9508,3021,12529
,dgwvY3H8PAS,CoRL 2023 Conference,1,0.975609756097561,0.975609756097561,1,1,68.28601398500007,120.93220788700012,27208,5913,33121,9.070966823000049,21.507975574000056,59.31304817900002,49.55351710599996,1985,422,2407,3906,1188,5094,9009,2276,11285,8371,2683,11054
,dxOaNO8bge,CoRL 2023 Conference,1,1,1,1,0.8333333333333334,63.476745239000024,129.87603208199982,28526,6241,34767,9.2855802119999,23.568516077000027,52.62781564599993,41.05623658000002,1779,426,2205,2993,1106,4099,8579,2665,11244,8328,2140,10468
,dk-2R1f_LR,CoRL 2023 Conference,1,0.9904761904761905,0.9904761904761905,1,1,70.89854995600001,155.668968695,26705,6273,32978,40.51507493099996,20.35860479400003,60.942853451999895,48.73775204899994,1758,440,2198,2889,1086,3975,9208,3147,12355,9210,2682,11892
,eE3fsO5Mi2,CoRL 2023 Conference,1,0.9779179810725552,0.9779179810725552,1,1,62.23420866899994,120.50633768400019,24882,6231,31113,8.043806743000005,20.08870524500003,55.13940952100006,48.39019181600008,1823,333,2156,2801,1065,3866,8593,2910,11503,8412,2588,11000
,efaE7iJ2GJv,CoRL 2023 Conference,1,0.9662921348314608,0.9662921348314608,1,0.6666666666666665,66.843679329,114.84528061300011,26385,6089,32474,9.797821131000092,18.29630798400001,57.391234802999975,46.34002590499995,1958,450,2408,2862,1010,3872,9280,3158,12438,9138,2558,11696
,eyykI3UIHa,CoRL 2023 Conference,1,0.986784140969163,0.986784140969163,1,1,65.07312874600007,124.9992266459999,25187,6408,31595,9.52066279799999,17.78106329299999,57.50330949299996,51.93208966799989,1999,444,2443,2459,964,3423,8465,3224,11689,8372,2832,11204
,diOr96f65N,CoRL 2023 Conference,1,0.9803921568627451,0.9803921568627451,1,0.75,131.96340565399998,193.57163055499973,26685,6354,33039,9.187863738000033,22.307576921999953,121.99112208499992,116.8182827249999,2111,417,2528,3110,1188,4298,9611,2864,12475,9314,2579,11893
,fa7FzDjhzs9,CoRL 2023 Conference,1,0.9621848739495799,0.9621848739495799,1,1,52.007981639000036,105.79683830200031,24824,5328,30152,9.32262021300005,19.963609492000046,39.34757964300013,36.28388696400009,1872,396,2268,3687,1091,4778,8631,2007,10638,8040,1899,9939
,fNLBmtyBiC,CoRL 2023 Conference,1,0.9149560117302052,0.9149560117302052,0.6666666666666666,1,69.51271456799998,137.57842508999988,26894,6425,33319,8.795650708999915,22.76405939999995,62.04006506400003,57.56866151700001,1836,388,2224,2893,1211,4104,9079,3123,12202,9094,2864,11958
,fSmkKmWM5Ry,CoRL 2023 Conference,1,1,1,1,1,69.01091245600003,139.74298570600013,27488,6945,34433,8.621851593000088,25.891352341000015,59.85216904599997,56.67051646300001,1760,367,2127,3119,1248,4367,9715,3147,12862,9357,2924,12281
,flyQ0v8cgC,CoRL 2023 Conference,1,0.9878345498783455,0.9878345498783455,1,0.6,55.086863290999986,107.74721868899996,24035,5678,29713,10.196556636999958,17.079203155000073,45.744042516000036,38.93360094600007,2087,467,2554,2485,928,3413,8647,2522,11169,8531,2177,10708
,fvXFBCHVGn,CoRL 2023 Conference,1,0.9224137931034483,0.9224137931034483,0.5,0.7777777777777778,69.93684553799994,124.15241542000001,27735,6408,34143,9.788790222999978,17.068086461999997,58.171187229,54.23393709300001,1998,388,2386,3257,922,4179,9105,3146,12251,9002,3101,12103
,fviZhMCr62,CoRL 2023 Conference,1,0.9885057471264367,0.9885057471264367,1,0.5,63.807292897000025,119.20473679300017,26895,6155,33050,8.718048186000033,19.903890861000036,55.08490783400009,47.016340701000104,1840,375,2215,3548,1102,4650,8963,2719,11682,8834,2571,11405
,gFXVysXh48K,CoRL 2023 Conference,1,0.5069306930693069,0.5069306930693069,0.5,1,62.13141461800001,117.32204266800011,26646,5972,32618,12.167316109000012,18.653586104000055,53.079256488000055,43.86574058400004,1952,590,2542,3178,1022,4200,9152,2864,12016,8837,2674,11511
,gVBvtRqU1_,CoRL 2023 Conference,1,0.9679715302491103,0.9679715302491103,0.5,0.7272727272727272,62.3569817529999,121.74304423300009,27040,5976,33016,10.241475426999955,20.29688541500002,52.21906350600011,46.66800705200012,1838,469,2307,3561,1099,4660,9620,2733,12353,8765,2589,11354
,gdkKi_F55h,CoRL 2023 Conference,1,0.8962962962962964,0.8814814814814815,1,0.75,69.34574922900003,133.44722791699985,33039,6747,39786,7.605997579000018,24.223753242000043,57.506025199999954,51.05896035000001,1928,314,2242,3684,1202,4886,10250,2891,13141,9715,2820,12535
,h-geaPzuJu,CoRL 2023 Conference,1,0.9148418491484186,0.8953771289537714,1,0.8181818181818182,56.339228929,123.79445399800011,24140,6150,30290,14.352387623000027,21.402431788000058,47.253253778000044,40.17691421500001,2190,727,2917,2542,1013,3555,8816,2407,11223,8735,2246,10981
,h8halpbqB-,CoRL 2023 Conference,1,0.9363057324840764,0.9363057324840764,1,1,66.01276458400002,120.97900394499993,27543,6153,33696,7.291923109000095,22.773774460999903,56.922306358000014,49.37307763499996,1856,304,2160,3344,1254,4598,8969,3045,12014,8710,2948,11658
,i84V7i6KEMd,CoRL 2023 Conference,1,0.8086642599277978,0.8014440433212997,1,1,63.78921806300002,138.854360326,22902,5981,28883,9.643510852000077,33.666207353999994,49.54452568800002,43.92608611899993,1853,362,2215,2673,1232,3905,8611,2275,10886,8383,1923,10306
,hRZ1YjDZmTo,CoRL 2023 Conference,1,0.9698996655518394,0.9698996655518394,1,1,69.07639890099995,135.69905361099995,26300,6570,32870,8.772785938000084,25.699740184000007,58.56491370299989,44.81658558999993,1946,347,2293,3346,1098,4444,8570,3129,11699,8642,2437,11079
,g_PPHV_GkX,CoRL 2023 Conference,1,0.9438943894389439,0.9438943894389439,0,1,133.08079289600005,193.9837394729999,27026,6660,33686,9.399885013000016,17.742773365999938,124.59954854299997,119.350736633,1971,446,2417,3065,962,4027,9505,3047,12552,8945,2858,11803
,ihqTtzS83VS,CoRL 2023 Conference,1,0.9731800766283524,0.9731800766283524,1,1,59.03088921299991,118.88543726800003,23028,5838,28866,7.551329870000018,20.735427676000086,46.554379488999984,39.41579765299991,1758,315,2073,2474,947,3421,8708,2558,11266,8611,2104,10715
,kSXh83gWWy,CoRL 2023 Conference,1,0.9660574412532638,0.9660574412532638,1,0.5454545454545454,58.294747271999995,117.69541272299989,25182,5922,31104,10.306738193000001,21.826491925000028,48.478844065999965,46.74215362299992,1764,488,2252,3124,1082,4206,8763,2484,11247,8338,2485,10823
,kOm3jWX8YN,CoRL 2023 Conference,1,1,1,1,1,67.59435414899997,137.0651029459999,27462,6327,33789,9.67849648899994,27.687085972999967,59.425282537000044,49.079629348000026,1896,381,2277,3680,1196,4876,9241,2998,12239,8463,2695,11158
,k-Fg8JDQmc,CoRL 2023 Conference,0,0.9828571428571428,0.9828571428571428,1,1,76.27377909899997,131.69784356799994,29839,6587,36426,8.604566294999927,23.51406035599996,63.130216365000024,60.17930583300006,1968,369,2337,3375,1236,4611,10007,3358,13365,9475,3313,12788
,keAPCON4jHC,CoRL 2023 Conference,1,0.9558823529411765,0.9558823529411765,1,1,68.68655534699997,138.393128552,28703,7207,35910,10.03038220499991,25.895843960000093,60.688334982000015,59.73867535699992,1832,398,2230,2650,1291,3941,10829,3394,14223,10441,3356,13797
,j2AQ-WJ_ze,CoRL 2023 Conference,1,0.9479166666666665,0.9479166666666665,1,1,97.34424427499994,153.35854325299988,23057,6692,29749,9.205534994999994,18.656863854999983,87.58466936499997,78.27209686899994,1795,408,2203,2600,1013,3613,9613,3535,13148,9319,3242,12561
,low-53sFqn,CoRL 2023 Conference,1,0.9560975609756097,0.9560975609756097,1,1,59.13390110399996,105.08898203400008,21098,5321,26419,8.785021584000106,20.61643112999991,50.39420352000002,46.55354123799998,2003,337,2340,2254,1079,3333,9098,2548,11646,8920,2648,11568
,mTZcxs2O7k,CoRL 2023 Conference,1,0.9285714285714286,0.9285714285714286,1,1,63.739997911000046,107.54120358800014,21987,5592,27579,8.995382766000034,20.048908200000028,55.995970054000054,51.67112166800007,1796,263,2059,2328,1095,3423,9332,3136,12468,9349,2869,12218
,n9lew97SAn,CoRL 2023 Conference,1,1,1,0.6666666666666666,1,62.39746582500004,126.52183480600002,28076,6081,34157,8.365651615000047,24.634273482000026,53.199482699999976,45.50835505200007,1776,380,2156,3888,1353,5241,9865,2632,12497,9533,2503,12036
,nNsZxc2cmO,CoRL 2023 Conference,1,0.9908256880733946,0.9908256880733946,1,1,61.22950004099994,133.29358038899989,27098,6215,33313,9.073767377999957,32.049496224999984,52.82673993499998,48.28725301399993,2132,412,2544,3455,1139,4594,9210,2671,11881,8656,2766,11422
,nyY6UgXYyfF,CoRL 2023 Conference,1,0.9252336448598131,0.9112149532710281,0.6666666666666666,1,59.45573376700008,125.97687489700002,24489,6479,30968,14.781842162000089,20.641850878000014,50.559255950999955,44.291629206999914,1779,693,2472,2826,1076,3902,8471,2732,11203,8168,2415,10583
,nKWQnYkkwX,CoRL 2023 Conference,1,0.9659863945578231,0.9659863945578231,1,1,69.058251789,125.44182505999993,25987,6560,32547,10.966234249999957,20.383614951000027,57.734159590000104,52.682060585000045,1925,440,2365,2355,1060,3415,9133,3227,12360,9142,2912,12054
,o-K3HVUeEw,CoRL 2023 Conference,1,0.9416342412451362,0.9416342412451362,1,1,60.35197821499992,132.75008721799986,24882,5838,30720,10.42181123599994,24.651397868000004,52.69990924599995,42.85702653399983,1937,335,2272,3177,1000,4177,8336,2555,10891,8444,2317,10761
,o2wNSCTkq0,CoRL 2023 Conference,1,0.9924433249370276,0.9924433249370276,1,1,61.090962178999916,108.84188015799998,21073,5352,26425,11.41566521599998,23.870115564000002,51.46580781399996,46.47972779299994,1973,337,2310,2411,1110,3521,8585,2782,11367,8732,2479,11211
,o82EXEK5hu6,CoRL 2023 Conference,1,0.9897610921501707,0.9897610921501707,1,1,60.48659373999999,117.09471560099996,25858,6036,31894,9.129670282999996,24.773407539000004,51.44451202099992,42.95499165800004,1955,411,2366,3089,1239,4328,8736,2839,11575,8553,2355,10908
,oqOfLP6bJy,CoRL 2023 Conference,1,1,1,1,1,62.39729370400005,124.13680709900007,25408,6119,31527,7.970506736000061,21.790276579999954,57.04249629100002,46.681403403000104,1912,356,2268,2769,1176,3945,8980,2651,11631,8690,2550,11240
,pLCQkMojXI,CoRL 2023 Conference,1,0.9866666666666667,0.9866666666666667,1,1,62.253994164999995,116.76587249199997,26091,5860,31951,6.803716690999977,19.274186062000012,53.66204145400002,49.20935810000003,1686,276,1962,2632,1055,3687,10355,2595,12950,10119,2490,12609
,psLlVbTFBua,CoRL 2023 Conference,1,0.9880239520958084,0.9880239520958084,0,1,66.688669785,122.78948845699995,25758,6278,32036,7.592765557000007,18.968061482000053,55.43860876799988,51.357139452999945,1849,314,2163,2734,953,3687,8888,3036,11924,8764,2842,11606
,psyvs5wdAV,CoRL 2023 Conference,1,1,1,1,1,68.77624636099995,128.30225875799988,29573,6390,35963,11.067435634000049,20.588325440999938,58.35238096299997,57.263585040000066,2083,507,2590,3304,1109,4413,10913,2805,13718,10147,3121,13268
,rOCWUmMBSnH,CoRL 2023 Conference,1,0.9322709163346614,0.9322709163346614,1,0.6153846153846154,50.6292181419999,95.16080326100018,20880,4800,25680,12.096478029000082,20.501796815000034,40.57468571100003,37.441175764000036,1979,462,2441,2612,1110,3722,9441,2184,11625,9155,2016,11171
,q0VAoefCI2,CoRL 2023 Conference,1,0.9608938547486034,0.9608938547486034,0.6666666666666666,1,64.85172284999999,121.98067990899972,24875,5994,30869,8.684457623000071,18.608765746000017,55.149441920999834,47.117347668999855,1802,322,2124,2496,986,3482,9118,2779,11897,9075,2559,11634
,qVc7NWYTRZ6,CoRL 2023 Conference,1,0.9722222222222221,0.9722222222222221,0.6666666666666666,1,68.8267700020001,142.19523624900035,25190,6576,31766,11.233152245000156,19.68383565599993,59.75877275700009,51.726985281000225,2009,453,2462,2516,1014,3530,8936,2980,11916,8992,2647,11639
,rPye6EZxmI,CoRL 2023 Conference,1,0.9599999999999999,0.9599999999999999,0.75,0.5,67.36026453799991,110.39710785900047,21134,5507,26641,7.943469506000156,17.133381605000068,56.63629604300013,46.580938622000076,1877,315,2192,2768,926,3694,8621,2816,11437,8548,2506,11054
,rYZBdBytxBx,CoRL 2023 Conference,1,0.959409594095941,0.959409594095941,0.6666666666666666,1,65.02293647799979,126.07853239900032,27190,6310,33500,11.439116355000124,21.940489981999917,56.0051302060001,51.517769354000166,1979,554,2533,2825,982,3807,9228,2990,12218,9161,2882,12043
,pw-OTIYrGa,CoRL 2023 Conference,1,0.9765013054830286,0.9765013054830286,1,0.75,122.77850895099994,172.85030787900018,21708,5703,27411,10.369195908000052,17.91337299299994,111.67888247999997,108.3742998150002,1782,403,2185,2596,978,3574,9396,2897,12293,9217,2675,11892
,rvh0vkwKUM,CoRL 2023 Conference,1,0.9881656804733728,0.9881656804733728,0.5,0.6666666666666666,61.16696666600001,101.70623287800049,20842,5411,26253,7.17595213300001,18.447512263000135,50.722906858000215,47.58267017900016,1936,295,2231,2406,1013,3419,8459,2822,11281,8390,2716,11106
,rpWi4SYGXj,CoRL 2023 Conference,1,0.988235294117647,0.988235294117647,0.75,1,65.97055645799992,126.86082439300048,26000,6734,32734,9.831965431000071,19.390979505000132,55.32213404400022,51.85104200900014,1989,462,2451,2696,1076,3772,8970,2919,11889,8669,3047,11716
,sLhk0keeiseH,CoRL 2023 Conference,1,0.9584487534626039,0.9584487534626039,1,1,60.77671632800002,121.94551778000027,24700,6210,30910,7.560248185000091,23.906428668000217,53.98346849199993,48.82302486599997,1841,319,2160,2390,1096,3486,8395,2980,11375,8250,2702,10952
,rxlokRzNWRq,CoRL 2023 Conference,1,0.9262536873156342,0.9262536873156342,1,1,66.90134966400001,123.38571757499972,27194,5981,33175,8.055764801000123,21.865158758000007,57.57952730199986,48.383513833999814,1935,354,2289,3408,1074,4482,9985,2412,12397,9077,2734,11811
,uJqxFjF1xWp,CoRL 2023 Conference,1,0.7971014492753623,0.7826086956521738,1,1,75.3687068690001,137.15444394299993,28005,7259,35264,10.951191162999976,20.381202556000062,65.86735545600004,57.80227710899999,1844,473,2317,2732,1038,3770,9674,3710,13384,9453,3380,12833
,uo937r5eTE,CoRL 2023 Conference,1,0.9482758620689655,0.9482758620689655,0.3333333333333333,0.7142857142857143,54.242155424999964,116.44902392599988,25196,5819,31015,9.17322483099997,19.684144642999854,48.03211231299997,45.84526754400008,2004,411,2415,2925,1062,3987,9129,2574,11703,8390,2463,10853
,veGdf4L4Xz,CoRL 2023 Conference,1,0.9601593625498007,0.9601593625498007,1,1,63.23070210900005,108.88823921699964,21118,4715,25833,10.215752522999992,20.007790949000082,55.89508029699982,37.30644680599971,2100,477,2577,3237,1098,4335,8900,1858,10758,8086,1947,10033
,vsEWu6mMUhB,CoRL 2023 Conference,1,0.9592760180995474,0.9592760180995474,0.6666666666666666,1,65.983248258,128.33424079400038,31252,6565,37817,9.710731983000187,21.081780678000086,55.26246354600016,48.954724907000355,2061,445,2506,5634,1088,6722,10357,2778,13135,8451,3030,11481
,wH23nZpVTF6,CoRL 2023 Conference,1,0.9856115107913669,0.9856115107913669,0.6666666666666666,1,62.31029454500003,114.30477555399989,22727,5638,28365,12.19595398399997,23.76337710200005,53.45389510500013,52.37794789099985,1764,409,2173,3219,1198,4417,9509,2737,12246,8838,2758,11596
,xJ7XL5Wt8iN,CoRL 2023 Conference,1,0.9946236559139785,0.9946236559139785,1,1,64.1041695089998,116.12692918099992,27853,5726,33579,10.868631112000003,18.26410715299994,53.07211649799979,49.5575996959999,1809,445,2254,3029,971,4000,9978,2762,12740,9698,2484,12182
,xQx1O7WXSA,CoRL 2023 Conference,1,0.9476744186046512,0.9476744186046512,0.6666666666666666,1,60.725937853000005,116.18371183699992,25219,5925,31144,7.556559736999816,21.223639107000054,51.69737527799998,43.237966399000015,1764,297,2061,2823,1085,3908,8772,2835,11607,9077,2314,11391
,xgrZkRHliXR,CoRL 2023 Conference,1,0.9798657718120806,0.9798657718120806,1,0.8000000000000002,64.11434056200005,127.64917081900012,26936,6726,33662,8.669465382999988,19.18592736200003,53.27160496300007,50.56819168400011,1961,381,2342,3296,1043,4339,9164,2783,11947,8508,2798,11306
,w5ONmpgnfG,CoRL 2023 Conference,1,0.9857819905213271,0.9857819905213271,1,1,113.468554326,173.51674849300048,24606,6344,30950,8.94550573100014,19.176189181000154,103.99942289599994,97.06412388900003,1985,287,2272,2873,1055,3928,8475,2847,11322,8267,2539,10806
,yGkqN4hqrJ,CoRL 2023 Conference,1,1,1,1,1,61.17850968700009,116.68672713599994,26232,6058,32290,7.30515774599985,18.587324357999933,53.04326392000007,49.737323453000045,1733,314,2047,2784,926,3710,9391,2919,12310,9143,2843,11986
,wMpOMO0Ss7a,CoRL 2023 Conference,1,0.9728260869565217,0.9728260869565217,1,0.8333333333333334,112.60658276899994,166.59768049500008,27008,5985,32993,11.977936104000037,19.63379097400002,101.50135309899997,94.60748265200004,1771,557,2328,3303,1084,4387,9278,2844,12122,9028,2555,11583
,yHlUVHWnBN,CoRL 2023 Conference,1,0.9452054794520548,0.9452054794520548,1,1,62.517312158000095,124.85459039800003,25352,6231,31583,11.742119844999934,22.69598978099998,54.73272009499988,44.2813932680001,2025,398,2423,3033,1031,4064,8334,2987,11321,8313,2445,10758
,yobahDU4HPP,CoRL 2023 Conference,1,1,1,1,1,64.40947983000001,128.51469264499997,26610,6459,33069,10.414346597000076,19.151645503000054,54.04909098999997,43.54914570200003,2009,475,2484,3221,1042,4263,9330,2759,12089,9557,2336,11893
,z3D__-nc9y,CoRL 2023 Conference,1,0.9400386847195358,0.9400386847195358,0,0.6666666666666666,69.98520740799995,126.70685992100016,26396,6342,32738,11.59433122900009,18.13967311600004,57.18083659700005,48.065256838000096,1824,552,2376,3133,964,4097,8888,2871,11759,8901,2653,11554
,zvl2LuLTtgr,CoRL 2023 Conference,1,0.995475113122172,0.995475113122172,1,1,59.96912221999992,127.69738275499958,27365,6195,33560,13.98037003699983,23.670539932999873,50.39909076399999,47.25305477200004,1828,672,2500,3499,1048,4547,9632,2603,12235,9456,2558,12014
,zUiH8UUYDo,CoRL 2023 Conference,1,0.8902439024390243,0.8902439024390243,0.75,1,75.52459843899987,141.23898541499966,28184,6533,34717,7.4340291789999355,17.191396437000094,67.83601431899979,53.572238468999785,1859,328,2187,3326,915,4241,10104,2940,13044,9637,3111,12748
,-CH1C-aQ5pk,ICLR 2023 TinyPapers,0,0.7660818713450293,0.7543859649122806,0.25,1,54.264299943000196,83.40277799599994,15413,4290,19703,7.306085185000029,17.894287947000066,46.14123841699984,45.605052160000014,2277,318,2595,2285,840,3125,6999,2481,9480,6940,2524,9464
,-IH_dcPGWM,ICLR 2023 TinyPapers,1,0.3294117647058823,0.27058823529411763,1,1,52.559338845999946,85.11651968899992,13958,4116,18074,5.575737143999959,18.270359035000183,44.86063925999974,44.643304455999896,2220,224,2444,2262,997,3259,6288,2210,8498,6107,2142,8249
,ycy47ZX0Oc,CoRL 2023 Conference,1,0.9924812030075189,0.9924812030075189,1,0.75,129.5207909359999,198.652078803,27023,6808,33831,11.097016190999966,18.630527364000045,119.72004118399991,110.287623983,2053,449,2502,3362,1018,4380,9494,2864,12358,9079,2606,11685
,0GpMf9UeI3G,ICLR 2023 TinyPapers,1,0.6839378238341969,0.6632124352331606,1,0.6666666666666666,53.72975030500015,76.48577797500025,13534,3858,17392,12.304401381000162,16.512937599999987,47.6684389940001,47.6684389940001,2425,412,2837,1913,828,2741,9197,2618,11815,9197,2618,11815
,0sxmoci9Ma,ICLR 2023 TinyPapers,1,0.7723577235772356,0.7723577235772356,1,1,55.89618819600014,69.81945945400003,13792,3765,17557,5.531526510000049,14.628052330999935,49.65988061300004,49.65988061300004,2201,216,2417,1954,779,2733,9639,2771,12410,9639,2771,12410
,0Zhwu1VaOs,ICLR 2023 TinyPapers,1,0.75,0.75,1,1,66.32197266399999,102.89479468600007,17300,4907,22207,9.402000600000065,19.50206351199995,60.76929612999993,56.67585911700007,2207,455,2662,2411,1007,3418,8944,2794,11738,8880,2516,11396
,1F8pPnUinbU,ICLR 2023 TinyPapers,1,0.766355140186916,0.766355140186916,1,1,62.65577028099983,91.98962247399982,17985,4733,22718,6.622177590999854,19.020346175999975,54.838810187000036,47.457901322,3137,278,3415,2307,809,3116,8714,3043,11757,8552,2645,11197
,1LeLyB6T0JM,ICLR 2023 TinyPapers,1,0.6212121212121212,0.6212121212121212,1,1,53.967127995000055,91.10020421699983,16954,4467,21421,9.54829666799992,19.296311477000017,47.70656111299991,45.650178892999975,2085,261,2346,2598,1036,3634,8836,2400,11236,8335,2523,10858
,1PW_txDkX7,ICLR 2023 TinyPapers,1,0.7666666666666667,0.7666666666666667,1,1,56.42661918299996,85.97806228100012,17770,4532,22302,8.481021731000055,18.817482714000107,47.824773896999886,47.29979391699999,2167,310,2477,2193,986,3179,9567,2673,12240,9425,2640,12065
,1WEPXTIjAd,ICLR 2023 TinyPapers,1,0.7213114754098362,0.7213114754098362,1,0.5,64.69731181800012,108.31260577700027,18687,5406,24093,6.698634718999983,20.32713587100011,54.39874013000008,47.34971715200004,2076,238,2314,2417,971,3388,6703,2817,9520,6671,2646,9317
,1wtUadpmVzu,ICLR 2023 TinyPapers,1,0.7666666666666667,0.7666666666666667,1,0.875,54.038529552,87.27425449700013,17403,4443,21846,10.805231095000181,19.342633680999825,48.05575835000013,42.45535825699994,2571,527,3098,2352,1013,3365,8629,2523,11152,8751,2267,11018
,1_PEwKmTepo,ICLR 2023 TinyPapers,1,0.7191011235955056,0.7191011235955056,1,1,62.729390477999914,93.13684217899981,17978,4767,22745,6.140228811000043,16.243395113999895,56.91543888299998,48.96273048299986,3176,184,3360,2261,870,3131,8788,3019,11807,8785,2672,11457
,1yXbt6_o6av,ICLR 2023 TinyPapers,1,0.7307692307692308,0.7307692307692308,1,1,65.48597433200007,110.30213783000022,20985,5431,26416,7.696114862000059,17.181234624000126,58.305993202999844,47.53147329400008,2257,290,2547,2366,920,3286,8910,2838,11748,8815,2596,11411
,28si4RXwDt1,ICLR 2023 TinyPapers,1,0.8854700854700855,0.8854700854700855,1,1,53.43913969000005,90.36541771599991,17801,4692,22493,12.420949425000117,16.223072746999833,47.65173174200004,45.565426476000084,2363,621,2984,2199,851,3050,9617,2470,12087,9666,2388,12054
,2KxH_4US0ZH,ICLR 2023 TinyPapers,1,0.673170731707317,0.673170731707317,1,1,55.63637305499992,90.03524172600032,17101,4588,21689,6.919978095000033,19.025811544000135,50.40656629900013,48.2138684680001,2180,300,2480,2394,1037,3431,8808,2603,11411,8597,2593,11190
,2M8dEAJcG5,ICLR 2023 TinyPapers,1,0.8322147651006712,0.8322147651006712,1,0.6666666666666666,59.88955217800003,112.11312523900006,19670,5279,24949,10.488828590999901,24.748834375999877,52.44751374800012,45.7907756970003,2234,420,2654,2458,986,3444,7573,2591,10164,7421,2537,9958
,2Z-dQTRezZ,ICLR 2023 TinyPapers,1,0.7553956834532374,0.7482014388489209,0.3333333333333333,1,58.745507148000115,91.18442518799975,17129,4901,22030,9.31642107499988,15.857673677000093,52.535876776999885,50.484336057999826,2280,422,2702,2184,845,3029,8788,2809,11597,8669,2919,11588
,2g4m5S_knF,ICLR 2023 TinyPapers,1,0.8250000000000001,0.8250000000000001,1,1,54.30254941199996,102.81577361299992,20184,5250,25434,9.269412208999938,17.25685336100014,48.572908509999934,47.033533328999965,2739,449,3188,2429,949,3378,7438,2646,10084,7458,2466,9924
,2rp3guEM3A,ICLR 2023 TinyPapers,0,0.6161137440758293,0.5971563981042655,1,0.6,57.23649659700004,71.81193588300039,12560,3755,16315,7.155187685000101,16.06087586700005,48.59587233100024,48.59587233100024,2309,330,2639,1925,735,2660,8327,2692,11019,8327,2692,11019
,4isz71_aZN,ICLR 2023 TinyPapers,1,0.8015873015873015,0.8015873015873015,1,1,58.66859736000015,89.64308784400009,15261,4500,19761,9.234741919000044,17.35795735800002,50.34332853500018,44.47809291599992,2296,428,2724,2013,851,2864,7428,2570,9998,7449,2431,9880
,5-ROmmBJKV,ICLR 2023 TinyPapers,1,0.7467811158798283,0.7467811158798283,1,1,57.834394069000155,93.28827690399999,17021,4664,21685,7.112047885000038,22.026095427999962,50.22821254299993,48.07234928899993,1983,319,2302,2336,928,3264,8954,2692,11646,8841,2660,11501
,5aO1lsEJGu,ICLR 2023 TinyPapers,1,0.8086642599277978,0.8086642599277978,1,1,56.86739460400008,72.07805236199988,11344,3899,15243,7.133915704999936,13.866315588999896,51.07782106800005,51.07782106800005,2303,323,2626,1954,730,2684,7089,2848,9937,7089,2848,9937
,5CdkvFyatt2,ICLR 2023 TinyPapers,1,0.8514285714285714,0.8514285714285714,1,1,60.665654643999915,86.49646805799966,16889,4522,21411,7.069545441999935,15.457343175999995,52.31634187499981,47.67927216399971,2243,304,2547,2096,832,2928,8760,2776,11536,8687,2642,11329
,3EfxJTp_-Cj,ICLR 2023 TinyPapers,1,0.6585365853658537,0.6585365853658537,1,1,107.76440524300006,155.46648145900008,20501,5241,25742,7.079335402999959,18.219991389000143,100.98850436099997,94.0932307600001,2235,306,2541,2441,995,3436,8711,2597,11308,8841,2370,11211
,5lZaexgIey,ICLR 2023 TinyPapers,1,0.7179487179487181,0.7179487179487181,1,1,65.89524980300007,101.34860434600023,14361,4774,19135,6.723813577000101,20.339081803,59.92878293300009,48.84224136600005,2156,302,2458,2148,962,3110,6295,2920,9215,6223,2518,8741
,6I5i0Ytnlul,ICLR 2023 TinyPapers,1,0.7439613526570048,0.7439613526570048,1,1,53.697995042,84.30110846600019,17849,4311,22160,6.048575280000023,20.05109610999989,46.27753766400019,43.139383265000106,2201,261,2462,2349,945,3294,9763,2363,12126,9555,2491,12046
,6ry6ibTKOx,ICLR 2023 TinyPapers,0,0.6904761904761906,0.6904761904761906,1,0.5,71.03818787499995,105.67435396799965,17697,4880,22577,14.762094374999833,18.688628023999854,57.44993148699996,54.941821610000034,2098,291,2389,2042,961,3003,9605,3045,12650,9599,2830,12429
,7QqlQW9hJ8J,ICLR 2023 TinyPapers,1,0.8169014084507041,0.8169014084507041,1,0.6666666666666666,59.26625755200007,88.8618551080001,17637,4798,22435,7.710625541999889,17.833482086999993,48.98965282500012,48.38678218700011,2268,354,2622,2346,965,3311,9213,2679,11892,9120,2736,11856
,75mWq5j4iso,ICLR 2023 TinyPapers,1,0.7420289855072465,0.7246376811594202,1,0.3333333333333333,64.28139856999996,96.41828130700014,16451,4149,20600,8.15047565399982,18.648304498000016,55.78785049000021,52.1635535180003,2224,393,2617,2279,1023,3302,7949,2209,10158,7928,1934,9862
,7Zyv70nGl_g,ICLR 2023 TinyPapers,1,0.7018867924528301,0.679245283018868,1,1,58.75577294899995,103.96312415899979,20909,5492,26401,7.903867303999959,17.403498506999995,51.6825995669999,46.580087737999975,2240,346,2586,2720,877,3597,8213,2861,11074,8030,2738,10768
,7lyEQXHkGpl,ICLR 2023 TinyPapers,1,0.6822429906542057,0.663551401869159,1,1,54.53468189499995,89.43382715899975,14805,4393,19198,8.749348090000012,18.79334622500005,48.943645240999786,45.08747312899982,2101,324,2425,2104,925,3029,7049,2492,9541,7014,2458,9472
,87oCobKKS6x,ICLR 2023 TinyPapers,1,0.8134328358208954,0.8134328358208954,1,0.8333333333333334,58.90616331399997,104.23492687999942,19435,5486,24921,11.395519822999859,17.61793787900001,52.301288860999875,44.16545174899966,2502,572,3074,2363,925,3288,7095,2875,9970,7176,2431,9607
,8WiNDyXgj6,ICLR 2023 TinyPapers,1,0.8578199052132701,0.8578199052132701,1,1,55.5148061729999,84.68897537400017,16437,4436,20873,7.3167163220000475,17.588235705999978,48.02958989400008,45.14544349800008,2401,338,2739,2511,936,3447,7767,2557,10324,7527,2435,9962
,91Bcj6sgcxt,ICLR 2023 TinyPapers,1,0.8175182481751825,0.8175182481751825,1,1,59.494833596000035,96.7817007000001,15880,4734,20614,9.466664017000085,19.824049898999874,52.974645277000036,51.38915459300006,2273,386,2659,2192,863,3055,7629,2786,10415,7584,2693,10277
,8kX0btdpAU5,ICLR 2023 TinyPapers,1,0.8188405797101449,0.8188405797101449,1,1,63.73658371900001,94.16194557000017,16476,4771,21247,7.416539330999967,16.746770516000197,57.51355515199998,56.12651967800002,2220,348,2568,2091,881,2972,8101,2891,10992,8162,2804,10966
,99Go96dla5y,ICLR 2023 TinyPapers,0,0.7549668874172185,0.7549668874172185,1,0.75,59.93989913400014,103.34863497600008,21557,5313,26870,9.199490624999953,15.35604521900018,52.21293651099995,48.486937042000136,2314,430,2744,2323,819,3142,9124,2794,11918,9112,2685,11797
,A-E41oZCfrf,ICLR 2023 TinyPapers,1,0.761904761904762,0.761904761904762,1,0.6666666666666666,53.44447408399992,79.23034784600009,16032,4205,20237,6.602225925000084,17.767848581999942,46.86107045300014,43.337345984999956,2202,299,2501,2217,941,3158,7870,2578,10448,7809,2361,10170
,99XvUeDFYTD,ICLR 2023 TinyPapers,1,0.8427672955974843,0.8427672955974843,1,1,57.66749047600001,75.41837235400021,11726,3653,15379,8.397045446999982,15.690605166000068,51.33072174100016,51.33072174100016,2331,382,2713,1919,848,2767,7476,2424,9900,7476,2424,9900
,AFLNyWMg4D2,ICLR 2023 TinyPapers,1,0.6951219512195121,0.6951219512195121,1,1,46.98259777299995,75.07495392400028,14243,3771,18014,9.394539990000112,15.959460695999951,38.18567234200009,36.218876603000126,2123,293,2416,2118,868,2986,6902,1948,8850,6818,2026,8844
,A2VfgYliIT,ICLR 2023 TinyPapers,1,0.7087719298245615,0.6947368421052632,1,1,63.522118283000054,78.67209822799987,12219,3931,16150,7.3876276829998915,13.456752155999993,57.82771838899998,57.82771838899998,2309,305,2614,1946,708,2654,7966,2919,10885,7966,2919,10885
,AAu_WuIiwi,ICLR 2023 TinyPapers,1,0.69969040247678,0.6811145510835913,1,0.6666666666666666,58.13165444099991,88.5851459969997,18635,4744,23379,8.414141354999856,16.931296513000007,50.13917018099983,50.07350127699988,2393,396,2789,2300,908,3208,10035,2767,12802,9921,2746,12667
,AHnLJBD7xKx,ICLR 2023 TinyPapers,1,0.7807017543859649,0.7807017543859649,1,1,59.010564036999995,89.07767840300016,16092,4390,20482,8.40817094299996,18.447650322000072,51.49908673200002,43.65192982500025,2225,349,2574,2548,1016,3564,7653,2476,10129,7294,2415,9709
,AidIUjh__t,ICLR 2023 TinyPapers,1,0.7126436781609196,0.7126436781609196,1,1,62.62976967899999,96.16861106399983,18413,4669,23082,7.0803882469999735,24.810286257000143,53.56312825799978,51.9201882819998,2714,310,3024,2117,892,3009,9457,2915,12372,9459,2906,12365
,B5riBS9HZGn,ICLR 2023 TinyPapers,1,0.4637096774193548,0.4475806451612903,1,1,60.91989519399999,95.7461830709999,18530,5171,23701,12.676509538000118,17.349485612999842,53.44994603199984,52.315252968000095,2652,662,3314,2253,896,3149,9517,2984,12501,9404,2911,12315
,BQpCuJoMykZ,ICLR 2023 TinyPapers,1,0.8730964467005076,0.8730964467005076,1,1,54.69509201200003,81.74651061399982,16769,4319,21088,6.420282905000022,15.363641815999927,47.37101034199986,45.77848549999999,2219,275,2494,2294,833,3127,8615,2546,11161,8376,2526,10902
,BWWrDHaP29,ICLR 2023 TinyPapers,1,0.7999999999999999,0.7999999999999999,1,0.5,59.26503154699981,88.88501187500015,15263,4659,19922,7.512191381000093,16.45068180599992,52.28496219400017,48.96649253700002,2268,355,2623,2144,822,2966,7046,2831,9877,7001,2678,9679
,CTZigc9V69,ICLR 2023 TinyPapers,0,0.7241379310344828,0.7241379310344828,1,1,49.826319554000065,83.22742658399966,14464,3907,18371,5.599722616000008,24.235245538999834,42.89724251299981,40.969200252999826,2104,231,2335,2307,869,3176,6530,2276,8806,6474,2221,8695
,ChW0YYRIni,ICLR 2023 TinyPapers,1,0.6863905325443787,0.6863905325443787,1,1,65.07540436,92.80728815099997,15637,4844,20481,5.852793593999877,18.58734259200014,56.87320544099998,47.88196418799998,2124,199,2323,2450,1019,3469,7027,3044,10071,7195,2637,9832
,AXxBPw5zdl4,ICLR 2023 TinyPapers,1,0.7083333333333334,0.7083333333333334,1,1,136.53913494099993,167.63357003299984,15509,4652,20161,5.357374174000142,17.837645495999823,130.30516066099995,122.96496080799989,2074,146,2220,2744,974,3718,6957,2966,9923,6321,2589,8910
,CuE1F1M0_yR,ICLR 2023 TinyPapers,1,0.84472049689441,0.84472049689441,1,1,56.80826358400009,87.22042197099995,17802,4692,22494,8.340719807999903,17.95249431100001,50.9250078,45.12787537000008,2222,392,2614,2158,984,3142,9659,2821,12480,9583,2479,12062
,ChqP6ORFYK6,ICLR 2023 TinyPapers,1,0.8450704225352113,0.8450704225352113,1,1,59.04694379500006,106.11528567200003,23723,4576,28299,10.405182399000068,19.591334720000077,54.65233493799974,52.53482129899999,2300,483,2783,3521,19,3540,9376,3016,12392,9241,2896,12137
,DLwlmWwmJBi,ICLR 2023 TinyPapers,1,0.6428571428571429,0.6428571428571429,1,0.75,57.7910365470002,71.856306163,14055,3694,17749,5.915585114000123,15.71588983699985,50.224831212000026,50.224831212000026,2141,248,2389,1898,686,2584,10018,2762,12780,10018,2762,12780
,D2lo4toTUTo,ICLR 2023 TinyPapers,1,0.8108108108108109,0.8108108108108109,1,1,63.71436556000003,80.80634817500004,11796,4323,16119,7.888087184999904,14.820464434000087,58.09779655600005,58.09779655600005,2171,303,2474,2048,791,2839,7578,3231,10809,7578,3231,10809
,EARgl3EH-nq,ICLR 2023 TinyPapers,1,0.7005076142131978,0.7005076142131978,0.5,1,57.50835834899999,88.71912920199975,16985,4631,21616,7.462486064999894,18.90140733499993,50.426798055999825,47.395104648999904,2246,338,2584,2463,1047,3510,8433,2644,11077,8189,2607,10796
,EVwbNcRa6Yf,ICLR 2023 TinyPapers,1,0.6357615894039734,0.6357615894039734,1,1,55.44543929400015,89.50847778100001,18343,4472,22815,10.580839954999874,15.002379232000067,48.18635455100002,48.18077663100007,2313,240,2553,2118,801,2919,10356,2635,12991,10351,2615,12966
,EVz_vcZQvvg,ICLR 2023 TinyPapers,1,0.7475728155339806,0.7475728155339806,1,1,61.59809543099982,93.54442710499984,18976,4998,23974,5.467557145000001,19.729521623999972,53.657551497999975,53.609014347999846,2276,218,2494,2381,1081,3462,10248,3002,13250,10162,2915,13077
,EyliiBqhFz,ICLR 2023 TinyPapers,1,0.8012048192771083,0.7951807228915663,1,1,56.8165705429999,107.80947474900017,18894,5299,24193,12.57440224700008,15.81692676700004,51.91162759500003,48.541039902999955,2327,404,2731,2447,848,3295,6339,2765,9104,6407,2641,9048
,DoOiwBcRir3,ICLR 2023 TinyPapers,1,0.8451443569553805,0.8451443569553805,1,1,112.78878556999985,232.85916987300016,26899,6534,33433,70.02578230099994,18.62309167500007,105.95382320999988,99.78207146099999,2334,396,2730,2893,1013,3906,9442,3183,12625,9062,2813,11875
,FPzByCI0yz1,ICLR 2023 TinyPapers,1,0.7311827956989247,0.7311827956989247,1,1,57.38708982700018,91.03656271700015,10878,3685,14563,28.733956812000088,15.027746839999963,47.2748590650001,47.2748590650001,2210,326,2536,1968,795,2763,6702,2565,9267,6702,2565,9267
,FWohKbMhlo,ICLR 2023 TinyPapers,1,0.8031496062992126,0.8031496062992126,1,1,49.22909045200004,78.54871725399971,14394,3606,18000,6.829314369000031,16.28557016600007,42.69162124899981,36.849222491999626,2103,269,2372,2122,879,3001,7047,1899,8946,7027,1901,8928
,GJhsHNKm7kj,ICLR 2023 TinyPapers,0,0.7447447447447447,0.7207207207207206,1,0.6,52.28554294800006,84.73465089900014,16822,4376,21198,10.451270005000197,16.688920356999915,43.857606842999985,42.681995057999984,2441,485,2926,2208,915,3123,8672,2365,11037,8774,2219,10993
,G0heahVv5Y,ICLR 2023 TinyPapers,1,1,1,1,1,56.87662654699989,89.53374898200013,18038,4511,22549,5.35602922299995,20.846660059999977,51.13584239900024,49.26073515200005,2130,174,2304,2723,1025,3748,9183,2765,11948,9017,2580,11597
,F7mdgA7c2zD,ICLR 2023 TinyPapers,1,0.839779005524862,0.839779005524862,1,1,124.28270156000008,168.333410921,21575,5558,27133,9.718193859999928,18.889494710999998,114.6164233070001,110.83193421800001,2403,460,2863,2350,1033,3383,9090,2786,11876,9129,2542,11671
,GPA-BPLwYHf,ICLR 2023 TinyPapers,1,0.8,0.8,1,0.5,56.753563618000044,85.08760216199994,15560,4556,20116,6.007625393000126,18.410949998999968,49.3615852559999,46.99590839499979,2304,261,2565,2222,955,3177,7003,2750,9753,7111,2616,9727
,GSlYBJ3aOpC,ICLR 2023 TinyPapers,1,0.8015564202334631,0.8015564202334631,1,0.6666666666666666,62.981893280999884,94.56822018000003,16412,4920,21332,6.43055150400005,17.11481206999997,55.15229402800014,54.99318589299992,2619,275,2894,2110,923,3033,7786,3016,10802,7721,2876,10597
,H2mbtfasD4K,ICLR 2023 TinyPapers,1,0.7252747252747253,0.7252747252747253,1,1,46.13582654400011,72.736705605,13133,3740,16873,4.748749072999999,19.746016662999864,40.25157802099989,37.11654494700019,2129,185,2314,2238,1076,3314,5417,2094,7511,5357,1980,7337
,G_MpqMHYo-,ICLR 2023 TinyPapers,1,0.6212121212121212,0.6212121212121212,1,0.5,59.54671638600007,100.09238592700058,19686,5166,24852,5.904234209000151,20.318156887999976,50.26390007600048,42.93583681300015,2278,249,2527,2303,949,3252,7963,2774,10737,7953,2375,10328
,H9BGkFz-Sm,ICLR 2023 TinyPapers,0,0.7455197132616487,0.7311827956989249,1,1,51.73731410399978,81.77961933199958,15207,4151,19358,5.7021516349998365,19.41827910500001,45.62036584799989,41.54363008500013,2190,224,2414,2399,987,3386,7070,2395,9465,6943,2245,9188
,Hx_iTXnCR5,ICLR 2023 TinyPapers,1,0.7777777777777778,0.7777777777777778,1,0,63.12615625399985,78.09009685500041,12084,4013,16097,6.271222007000233,16.420000172000073,55.398874676000105,55.398874676000105,2285,260,2545,1968,884,2852,7832,2870,10702,7832,2870,10702
,IcDTYTI0Nx,ICLR 2023 TinyPapers,1,0.7159090909090909,0.7159090909090909,1,1,53.657577373000095,84.9196590219999,20102,4225,24327,7.484155224999995,17.133576274999996,47.30128110199985,42.384079348999876,2850,272,3122,2268,791,3059,11481,2601,14082,11524,2195,13719
,Idalad_7wG,ICLR 2023 TinyPapers,1,0.7919463087248322,0.7919463087248322,1,0.3333333333333333,60.199636476999785,95.95047803999978,16068,4788,20856,8.214325461000044,20.42320147700002,53.049636262999684,52.536620761999984,2432,377,2809,2462,1050,3512,7327,2614,9941,7151,2725,9876
,IkHVGw_Ipu,ICLR 2023 TinyPapers,1,0.5172413793103448,0.4942528735632184,1,1,54.2249155960003,89.10539398800029,15830,4559,20389,8.548059585999908,18.60974713500036,47.73626868800011,45.159225891000006,2211,423,2634,2131,974,3105,8032,2484,10516,7955,2402,10357
,Ihzsru2bw2,ICLR 2023 TinyPapers,1,0.8108108108108109,0.8108108108108109,1,0.6666666666666666,65.02094920699983,94.87637416700045,19234,4940,24174,8.262171869000213,18.542144487000314,55.47936115699986,54.17754752100018,2770,376,3146,2246,920,3166,10051,2947,12998,9947,2993,12940
,Jx44OPxLZ2-,ICLR 2023 TinyPapers,0,0.7586206896551724,0.7586206896551724,1,1,68.33842902700007,107.09188396399941,15539,5052,20591,12.885822326999914,24.25711503299999,58.53826207999964,46.78219673299964,2193,656,2849,2407,971,3378,6987,2882,9869,7265,2450,9715
,K-SVVOIcsP,ICLR 2023 TinyPapers,1,0.7572815533980582,0.7572815533980582,1,0.6666666666666666,65.15785265300019,110.25992582400022,20777,5617,26394,7.010328063000088,20.118126653000218,56.241537436999806,51.40665877099991,2198,286,2484,2339,1096,3435,8254,2939,11193,8308,2790,11098
,HM_jOWEYL7y,ICLR 2023 TinyPapers,1,0.21415607985480944,0.11252268602540834,1,1,144.67196862200012,179.01167691699948,15468,4947,20415,10.737344541999846,17.740647429999854,139.00098800799992,135.26392769500012,2479,523,3002,2217,935,3152,6889,2889,9778,6854,2677,9531
,KPHbtTtCDw,ICLR 2023 TinyPapers,1,0.7476635514018692,0.7476635514018692,1,1,55.97199293099993,85.89100452200091,16717,4320,21037,9.049961821000124,16.87854388400001,48.30260204700062,45.6515794550005,2133,444,2577,2277,918,3195,8708,2394,11102,8467,2467,10934
,LV33sOiYCEP,ICLR 2023 TinyPapers,1,0.7596153846153846,0.7596153846153846,1,0.6666666666666666,51.800663026000166,97.84826284999963,18245,4661,22906,6.959352259999832,25.393616089999796,44.13582958400002,41.355541882000125,2172,314,2486,2297,1001,3298,6811,2311,9122,6664,2252,8916
,L38bbHmRKx,ICLR 2023 TinyPapers,1,0.6875,0.6875,1,1,56.27175693399977,89.14040500800093,17256,4625,21881,9.427163599000323,17.655478744999982,49.22948927700054,47.23367626700019,2319,437,2756,2349,960,3309,8758,2573,11331,8700,2610,11310
,Muwb2KohnX,ICLR 2023 TinyPapers,1,0.7653429602888087,0.7581227436823105,1,1,51.95622288000004,88.90604185000029,16551,4527,21078,8.028265953999835,22.25036570300017,46.27938417099995,44.26985905100037,2114,373,2487,2285,1092,3377,8437,2564,11001,8537,2305,10842
,LcXWYmA8Ek,ICLR 2023 TinyPapers,1,0.5945945945945946,0.5945945945945946,1,0,61.05980255999975,98.9107283330004,18992,4976,23968,11.888158062000002,20.428888168999947,53.29789600500044,52.273925391000375,2447,563,3010,2539,1052,3591,9820,2824,12644,9936,2696,12632
,MjVdwBGkys,ICLR 2023 TinyPapers,1,0.7065217391304347,0.7065217391304347,1,0,57.74085442900014,90.73318211700007,15090,4695,19785,9.555204240999956,15.980470936000074,52.180504872000256,46.196007911999914,2243,268,2511,2467,856,3323,6537,2903,9440,6609,2547,9156
,Mrz9PgP3sT,ICLR 2023 TinyPapers,1,0.7863247863247863,0.7863247863247863,1,1,59.00684242000034,99.12925471900007,23183,5159,28342,8.513221457999862,17.93615036600022,51.86133934700001,47.71401358799994,2307,409,2716,2647,969,3616,10154,2738,12892,10151,2545,12696
,Lm7z2vYergk,ICLR 2023 TinyPapers,1,0.7243243243243243,0.7243243243243243,1,1,63.75259453800027,82.05886410099993,17902,3941,21843,9.975008733999857,15.055545379999785,47.80907193600024,42.1686334850001,2139,232,2371,2102,805,2907,10073,2454,12527,10132,2283,12415
,MuOFB0LQKcy,ICLR 2023 TinyPapers,1,0.8256880733944955,0.8195718654434251,1,1,66.1421374270003,92.97699718900003,17973,5016,22989,7.512666245000219,18.192201786999703,51.52449390499987,51.22119053000006,2477,329,2806,2328,999,3327,9204,2859,12063,9137,2839,11976
,N0lQfjeNWOE,ICLR 2023 TinyPapers,1,0.7592592592592593,0.7592592592592593,1,1,55.02326158300002,97.59080987900006,19935,5027,24962,7.486360746000173,20.144404992999625,45.91768578500023,41.29094889299995,2135,328,2463,2397,993,3390,8413,2468,10881,8380,2242,10622
,OaZktJBVpUy,ICLR 2023 TinyPapers,0,0.31489361702127655,0.2042553191489362,1,1,53.32952715500005,83.48152579700036,17284,4307,21591,7.470294581999951,18.385369682000146,46.697497983000176,43.07217733100015,2301,333,2634,2367,971,3338,8870,2439,11309,8828,2390,11218
,OiSbJbVWBJT,ICLR 2023 TinyPapers,1,0.701923076923077,0.701923076923077,1,1,53.01167483600011,84.35185075799973,16201,4376,20577,8.74406313899999,16.607086183999854,45.2570895949998,44.85633387200005,2278,327,2605,2253,897,3150,8166,2418,10584,8178,2395,10573
,OMARmh02Ruk,ICLR 2023 TinyPapers,0,0.6626506024096385,0.6626506024096385,1,0.5,59.1568611470002,87.55354734500042,15966,4619,20585,6.866493568999886,16.042273930000192,53.02156196900023,48.415991661000135,2187,297,2484,2394,852,3246,7483,2877,10360,7355,2674,10029
,OJILbuOodvm,ICLR 2023 TinyPapers,1,0.8175182481751825,0.8175182481751825,1,0.3333333333333333,62.34427890500001,94.75710359699997,17333,4956,22289,9.976261497999985,18.47627804900003,56.826946732000124,50.82384732799983,2189,341,2530,2184,1007,3191,8818,3187,12005,8760,2782,11542
,PIfJnq9kpdw,ICLR 2023 TinyPapers,1,0.8120300751879699,0.8120300751879699,1,1,56.708160916,91.4026825399992,19576,4788,24364,6.479349085999729,17.14478191299986,47.95319177600004,44.197758790999615,2244,272,2516,2415,939,3354,7256,2679,9935,7298,2413,9711
,PaHmtktx86H,ICLR 2023 TinyPapers,0,0.7217391304347827,0.7130434782608696,1,0.5,56.975192332000006,83.6802774390012,16809,4401,21210,6.130411462000211,15.100147571000434,51.053948778000176,46.38464316600039,2780,270,3050,2126,809,2935,8045,2796,10841,8031,2505,10536
,Peb3QdR8zzP,ICLR 2023 TinyPapers,1,0.8,0.8,1,1,62.56525336200002,107.24046018899935,22199,5482,27681,9.64259379699979,18.278282538999974,54.78199996699959,50.18757511599961,2464,373,2837,2470,992,3462,9268,2855,12123,9109,2702,11811
,PjypHLTo29v,ICLR 2023 TinyPapers,1,0.711864406779661,0.711864406779661,1,1,60.78548528700003,94.00130786699992,19086,4817,23903,9.259112230000028,20.799317272999815,52.882849764000184,44.82770369700029,2587,437,3024,2548,940,3488,10207,2909,13116,9807,2431,12238
,QRKKFN7FLm,ICLR 2023 TinyPapers,0,0.7550200803212852,0.7550200803212852,1,1,61.80695059899972,108.03505670100003,20886,5406,26292,6.68997218100003,23.827721984000164,53.579439052,51.37609215299972,2232,302,2534,2817,1124,3941,7606,2765,10371,7427,2868,10295
,QimsmhYvsf,ICLR 2023 TinyPapers,1,0.8421052631578947,0.8392603129445235,1,1,65.4326729620002,103.10700902900044,16256,5040,21296,9.875061906000155,24.816180398999677,56.94238081600042,50.7751521400005,2447,497,2944,2129,919,3048,7451,3058,10509,7535,2768,10303
,R5NNAThG0i,ICLR 2023 TinyPapers,1,0.8815165876777251,0.8815165876777251,1,0.25,61.028913572999954,88.89148399900068,12162,4292,16454,7.765675278999879,26.811647482000353,54.31416123800045,54.31416123800045,2349,361,2710,1934,963,2897,7880,2970,10850,7880,2970,10850
,RNlfw6KXJey,ICLR 2023 TinyPapers,1,0.6696832579185521,0.6696832579185521,1,0.8571428571428571,50.30191812400017,80.3865923050007,16385,4275,20660,9.123559713999839,17.33550761200013,42.314461621000646,41.746954070000356,2325,431,2756,2363,948,3311,8156,2268,10424,8079,2307,10386
,R82eeIF4rP_,ICLR 2023 TinyPapers,1,0.7022222222222223,0.7022222222222223,1,1,63.029890782000166,105.86762570900055,23031,5608,28639,7.0790970790003485,15.901095568000073,57.71548224699973,47.540797551000196,2247,318,2565,2294,843,3137,11003,3169,14172,10883,2626,13509
,RR_w2fbYmV,ICLR 2023 TinyPapers,1,0.7096774193548386,0.6738351254480287,1,1,58.60587319000024,90.62115890900031,18059,4793,22852,8.925330047999978,16.63601259799998,52.2510942240001,51.499410186000205,2255,416,2671,2109,903,3012,9702,2853,12555,9729,2750,12479
,SBqbPjVFfm,ICLR 2023 TinyPapers,1,0.6119402985074626,0.6119402985074626,1,0.5,51.62654961099997,71.97766663599987,11453,3474,14927,10.42452140100022,15.938927252999747,45.6142179819999,45.6142179819999,2248,270,2518,1965,700,2665,7241,2505,9746,7241,2505,9746
,RuCQRXk7a7G,ICLR 2023 TinyPapers,1,0.7244897959183674,0.7244897959183674,1,1,72.84626200299999,115.20744687499973,19766,5478,25244,5.313013691999913,18.363973291000093,63.91362030299979,50.523350380999545,2107,215,2322,2400,986,3386,7414,2944,10358,7426,2786,10212
,S9NTReFikL2,ICLR 2023 TinyPapers,1,0.8082191780821918,0.8082191780821918,1,0.6666666666666666,85.99811739000006,116.70447364499978,15622,4469,20091,7.656004651999865,16.231802960000095,80.65912238300007,78.75671624400002,2285,356,2641,2156,881,3037,7497,2605,10102,7447,2489,9936
,STpRX-XCO6t,ICLR 2023 TinyPapers,1,0.7282608695652174,0.7282608695652174,1,1,59.730522785000176,91.54544875399961,18036,4701,22737,7.2494352599997,17.231690160999733,52.4078770189999,52.094346532000145,2713,329,3042,2373,927,3300,8961,2762,11723,8838,2825,11663
,TFrzVBZk05g,ICLR 2023 TinyPapers,1,0.6710526315789473,0.6710526315789473,1,1,55.67943233999995,100.63474140300013,20645,5112,25757,6.0990473520000705,20.654119680999884,47.586099745999945,46.258880046000286,2222,257,2479,2355,1113,3468,8750,2555,11305,8799,2449,11248
,TS8l4VS7_BK,ICLR 2023 TinyPapers,1,0.8134328358208954,0.8134328358208954,1,0.5,59.37907642600021,117.23956077299954,24648,6295,30943,8.497167469999567,18.671797999999853,52.35491398100021,50.26388125499989,2128,402,2530,2735,1011,3746,7669,2895,10564,7594,2781,10375
,TPTbHxeR6U,ICLR 2023 TinyPapers,1,0.73,0.73,1,0.5,65.66870552599994,97.43390871899965,17547,5005,22552,8.124257056999795,18.065071048999926,56.88294868699995,56.831454138000026,2232,312,2544,2133,939,3072,9228,2994,12222,9089,2985,12074
,Tbzv_BbjjO8,ICLR 2023 TinyPapers,1,0.736318407960199,0.736318407960199,1,1,59.16701611899998,100.86408230200004,21135,5334,26469,7.198791030999928,17.844093127999713,49.84883573600018,48.401939912000216,2297,247,2544,2864,971,3835,8111,2701,10812,7843,2730,10573
,TqkzImZ92t8,ICLR 2023 TinyPapers,1,0.7045454545454545,0.7045454545454545,1,0,55.867661231000056,86.44349776399986,14633,4675,19308,6.4797976859999835,16.466434221000327,49.84334554199995,46.39057853799932,2106,275,2381,2208,886,3094,6771,2786,9557,6657,2596,9253
,VBuUL2IWlq,ICLR 2023 TinyPapers,1,0.6273062730627307,0.6125461254612546,1,1,60.04628229200034,92.20837527899994,17951,4676,22627,13.337801051000042,15.72730590800029,51.062977620999845,50.782719686999826,2123,477,2600,2211,827,3038,9647,2785,12432,9645,2754,12399
,U4o5iSWSaD,ICLR 2023 TinyPapers,1,0.7881355932203389,0.7881355932203389,1,1,63.628903274000095,85.05741686500005,18802,4463,23265,6.680721763999827,14.3822673640002,53.37628628699986,52.31868232500028,2280,228,2508,2232,761,2993,10056,2955,13011,10083,2896,12979
,WKVH54a1W4,ICLR 2023 TinyPapers,1,0.7214611872146118,0.7214611872146118,1,1,52.12047127799997,77.8113625470005,17412,4013,21425,6.401059901000281,17.43963100899964,46.194355503000224,42.91791204200035,2291,245,2536,2141,944,3085,9206,2469,11675,9272,2317,11589
,WFatA9XIQ0m,ICLR 2023 TinyPapers,1,0.6971428571428572,0.6971428571428572,1,0.5,58.84399186100018,87.65438876600092,15858,4491,20349,7.357639466000364,17.5446432560002,51.6113085840002,46.78392577700015,2234,320,2554,2171,953,3124,7739,2645,10384,7616,2578,10194
,WU3veNUvvU,ICLR 2023 TinyPapers,1,0.7474747474747475,0.7474747474747475,1,1,55.74304530600011,80.5280581510001,12661,3984,16645,5.655336580000039,15.057556191000003,47.65198387600003,43.741424152000036,2112,210,2322,2037,810,2847,5190,2381,7571,5260,2169,7429
,WaAJ883AqiY,ICLR 2023 TinyPapers,1,0.7804878048780487,0.7804878048780487,1,1,73.72614126000008,102.11849033599947,16463,4424,20887,7.374461398999756,17.40950491300009,66.12608978399976,64.45536285799972,2003,327,2330,2150,924,3074,8512,2641,11153,8522,2501,11023
,XCbe51-arJt,ICLR 2023 TinyPapers,1,0.7706422018348624,0.7706422018348624,1,1,51.03081193099979,81.65276545000006,14894,4196,19090,7.482158869999694,19.715215546999843,44.63659783600042,39.6374980530004,2248,346,2594,2141,948,3089,6991,2449,9440,6956,2108,9064
,WkDqZD3VRo,ICLR 2023 TinyPapers,1,0.5041551246537397,0.46537396121883656,1,1,59.40258274600001,98.66662239300013,17171,4903,22074,8.764316018000045,22.52469443100017,52.79489471099987,50.66285802199991,2245,349,2594,2645,1057,3702,8483,2673,11156,8022,2753,10775
,XHfWgU2IiP,ICLR 2023 TinyPapers,1,0.8,0.8,1,1,61.442320566000035,85.99363518900054,18228,4571,22799,6.431895118999819,17.114236231000177,52.06837942400034,50.10143605200028,2204,276,2480,2118,936,3054,9854,2889,12743,9835,2736,12571
,XXsjViheWZ,ICLR 2023 TinyPapers,1,0.7177033492822966,0.6985645933014354,1,0.6666666666666666,60.405338247000145,86.71518167100021,16677,4634,21311,5.882633518000148,17.455889295999896,52.24978174600028,47.66275550399996,2178,224,2402,2299,954,3253,8296,2894,11190,8204,2648,10852
,XiZOalwf_U,ICLR 2023 TinyPapers,1,1,1,1,1,78.62242241700005,92.3541736760003,11232,3606,14838,7.277837391000048,14.56900025699997,70.50733602800028,70.50733602800028,2096,192,2288,2030,752,2782,7107,2664,9771,7107,2664,9771
,XptW6NuULJ,ICLR 2023 TinyPapers,1,0.7706422018348624,0.7706422018348624,1,0,52.331877993000035,70.40403469099965,11615,3611,15226,9.104731383999933,15.219730532000085,46.07957277499963,46.07957277499963,2182,443,2625,1980,792,2772,7454,2377,9831,7454,2377,9831
,YdGkE4Ugg2C,ICLR 2023 TinyPapers,1,0.7777777777777778,0.7777777777777778,1,1,59.48456365799984,87.49794380399953,17515,4663,22178,6.621114545999717,17.330395552000027,49.69444354699999,48.3133458719999,2174,258,2432,2558,947,3505,8990,2733,11723,8729,2685,11414
,ZCv4E1unfJP,ICLR 2023 TinyPapers,1,0.7933884297520661,0.7933884297520661,1,1,61.59544015499978,98.8392576680003,16185,4943,21128,9.48606025800018,20.080956531000083,56.41656601800014,48.81632589499986,2343,474,2817,2251,931,3182,7811,2858,10669,7686,2694,10380
,ZTp85mW5nFy,ICLR 2023 TinyPapers,1,0.6533333333333333,0.6533333333333333,1,1,59.69044029299994,93.43159674399976,15269,4780,20049,6.204378851999991,17.019486052000047,53.59605267699999,51.64871533199948,2766,269,3035,2321,920,3241,6540,2866,9406,6202,2726,8928
,_1z2Bqte5L,ICLR 2023 TinyPapers,1,0.7489361702127658,0.7489361702127658,1,0.6666666666666666,69.24231345699991,97.73177859999987,16684,4629,21313,5.668258399000024,17.12033329299993,61.309585826999864,54.471039391999966,2174,233,2407,2109,920,3029,8653,2775,11428,8648,2696,11344
,_3_VZtMkvMB,ICLR 2023 TinyPapers,1,0.8148148148148148,0.8148148148148148,1,0.6666666666666666,54.27669310900001,71.21104496499993,13170,3676,16846,7.333053935999942,16.521342003999962,47.356649025000024,47.356649025000024,2196,315,2511,2052,813,2865,8923,2549,11472,8923,2549,11472
,_QreMdMNIz-,ICLR 2023 TinyPapers,1,0.7005649717514124,0.7005649717514124,1,1,54.121890082999926,88.32887791400026,15426,4679,20105,6.206572001999575,18.599778508000327,47.15354620800008,47.06684829000005,2295,251,2546,2412,998,3410,7065,2638,9703,7170,2532,9702
,_cL7Uj4LXAJ,ICLR 2023 TinyPapers,0,0.8229885057471263,0.8045977011494253,1,1,55.6273435449998,71.68972249199987,13277,3771,17048,7.25883498200028,15.059395883999969,49.371491625999624,49.371491625999624,2251,318,2569,2035,761,2796,8992,2693,11685,8992,2693,11685
,_cZLvP7LAt7,ICLR 2023 TinyPapers,1,0.7165775401069517,0.7165775401069517,1,1,50.93347169400022,83.38973770500115,16098,4217,20315,5.374214181000298,19.75321298100016,43.29660892600032,42.71707327300055,2124,191,2315,2556,942,3498,8114,2280,10394,7697,2355,10052
,aVepdnlRb5,ICLR 2023 TinyPapers,0,0.7401574803149606,0.7401574803149606,1,0.25,64.16132655499996,97.93290747099991,16095,5189,21284,8.804257241999949,17.766120011000112,57.65842966299988,55.58933594600012,2310,411,2721,2279,920,3199,7244,3186,10430,7268,3075,10343
,bRI_3OFg4o,ICLR 2023 TinyPapers,1,0.761904761904762,0.761904761904762,1,1,55.20917160099998,69.24975348599946,11229,3483,14712,5.950083474999701,15.267732279000029,48.03193773199973,48.03193773199973,2186,216,2402,2027,816,2843,7017,2453,9470,7017,2453,9470
,a9VgV-hywP,ICLR 2023 TinyPapers,1,0.837920489296636,0.837920489296636,1,1,102.46788900799993,116.61923445899993,13268,3483,16751,7.943188489000022,13.070676977999938,95.60536899199997,95.60536899199997,2159,323,2482,2001,696,2697,9109,2465,11574,9109,2465,11574
,baF9FqIdTY,ICLR 2023 TinyPapers,1,0.791044776119403,0.791044776119403,1,1,114.8887370389998,131.15362773300012,11541,3614,15155,10.129640124000161,14.777416912999797,106.24657069600016,106.24657069600016,2241,353,2594,2073,796,2869,7228,2466,9694,7228,2466,9694
,cFtt9fU7YB6,ICLR 2023 TinyPapers,1,0.7395833333333334,0.7395833333333334,1,1,115.98000878399989,169.83651934300042,16236,4473,20709,7.818195746000129,20.751126430000113,110.6647831690002,64.24404780800023,2182,312,2494,2211,1082,3293,8224,2468,10692,8016,2499,10515
,c-YTzVUkfAW,ICLR 2023 TinyPapers,1,0.7339449541284403,0.7339449541284403,1,1,138.31724293699972,241.4397601779997,15584,4597,20181,7.711209543000223,19.683930195999892,130.23521622499993,128.15273567999975,2181,312,2493,2246,1044,3290,7349,2648,9997,7441,2516,9957
,cKLmwCTFiI,ICLR 2023 TinyPapers,1,0.6774193548387096,0.6532258064516129,1,1,127.95762456700004,225.2857563460002,15576,4575,20151,102.20147185600035,39.06132195100008,70.13669296199987,68.16686157699996,2141,288,2429,2078,911,2989,7614,2672,10286,7592,2691,10283
,cKlgcx7nSZ,ICLR 2023 TinyPapers,1,0.766355140186916,0.766355140186916,1,1,136.74564825200014,234.68635221099976,12164,3715,15879,67.65488555499996,35.389607178999995,131.6418594769998,131.6418594769998,2283,278,2561,1927,688,2615,7956,2751,10707,7956,2751,10707
,cRZSr6Tpr1S,ICLR 2023 TinyPapers,1,0.7833333333333332,0.7833333333333332,1,1,75.04967855200039,134.62598507500024,12906,3927,16833,36.39267460800011,29.56651958500015,68.66679088199999,68.66679088199999,2173,267,2440,2048,858,2906,8687,2804,11491,8687,2804,11491
,cxmjk8O3Yn,ICLR 2023 TinyPapers,1,0.8475609756097562,0.8475609756097562,1,0.8000000000000002,74.27121905500007,129.03856627300047,17472,4686,22158,22.971661061000304,26.724926397000218,66.84946494399992,66.44377478499973,2243,335,2578,2186,894,3080,8905,2967,11872,8889,2782,11671
,cQ_eEMsc6p,ICLR 2023 TinyPapers,1,0.7908496732026145,0.7908496732026145,1,1,133.0726956809999,292.43081695300043,11872,3849,15721,80.39159444500001,85.74960713300015,126.28961537500027,126.28961537500027,2209,343,2552,2006,677,2683,7659,2831,10490,7659,2831,10490
,d0m0Rl15q3g,ICLR 2023 TinyPapers,1,0.7045454545454545,0.7045454545454545,1,1,66.71440724800004,123.12468812599991,21716,5867,27583,8.314363879999746,22.016676113999893,59.157646038000166,56.34063594999998,2369,332,2701,2338,1013,3351,8925,3136,12061,8711,2882,11593
,ddFJsnpZtTX,ICLR 2023 TinyPapers,1,0.6363636363636364,0.6363636363636364,1,1,51.28706460600006,84.45818129200052,14832,4157,18989,5.508734471000025,23.177497511000183,43.81936790899999,41.74192601300001,2121,206,2327,2464,972,3436,6802,2243,9045,6523,2398,8921
,dJfdug9aGd8,ICLR 2023 TinyPapers,1,0.763157894736842,0.763157894736842,1,1,60.91785161500002,107.11431496199975,19611,4516,24127,6.046384519000185,17.86406966000004,54.39911767999956,40.55181015599965,2289,255,2544,2356,940,3296,8313,2159,10472,8235,2055,10290
,e2gSQqH3V10,ICLR 2023 TinyPapers,1,0.6835443037974684,0.6835443037974684,1,1,49.936669097999584,95.37798512699965,19261,4747,24008,6.433854639999936,20.003792688999965,44.16188361400009,42.940005565999854,2052,284,2336,2310,902,3212,8022,2376,10398,7870,2269,10139
,eaKoBpxCPe,ICLR 2023 TinyPapers,0,0.603448275862069,0.5948275862068966,1,1,55.76607844399996,88.91033488300036,17400,4665,22065,7.885786402000122,20.063519669000016,48.733435224999994,47.65483664300018,2232,349,2581,2237,1028,3265,9147,2639,11786,9021,2651,11672
,dGuMR8tLDs,ICLR 2023 TinyPapers,1,0.7003610108303249,0.6642599277978339,1,1,100.87973341100042,131.59221129000025,19942,5078,25020,14.529892568000378,21.097576234999906,81.15491346099998,52.16643014600004,2573,431,3004,2534,1152,3686,10891,2846,13737,10566,2765,13331
,fVuTIiTBky,ICLR 2023 TinyPapers,1,0.7245283018867924,0.709433962264151,1,1,62.775170194999646,106.89203407800005,17046,4490,21536,19.68916099299986,18.426515708999887,55.71814995400018,49.08819191500015,2226,281,2507,2604,1008,3612,8228,2794,11022,8095,2451,10546
,fcQFbluDTX,ICLR 2023 TinyPapers,1,0.7281553398058251,0.7281553398058251,1,1,52.74968554999987,81.91096883600085,15100,4100,19200,5.710381261999828,16.537160086000313,46.02051406200053,44.828705685000386,2084,200,2284,2459,890,3349,6951,2383,9334,6767,2384,9151
,frB4MiYGoD_,ICLR 2023 TinyPapers,1,0.6666666666666667,0.6666666666666667,0.3333333333333333,0.75,56.27472104899971,89.7987275939995,15603,4452,20055,11.563461408999956,17.649316491999798,48.996038682999824,47.7766690389999,2307,489,2796,2087,820,2907,7592,2543,10135,7531,2476,10007
,g6ZFp73_T7,ICLR 2023 TinyPapers,1,0.6428571428571429,0.6428571428571429,1,1,55.07474140400018,85.17696225300142,14414,4082,18496,5.190268596000351,16.99235105100024,49.26868947600042,44.94304780600078,2418,198,2616,2129,864,2993,6420,2474,8894,6324,2302,8626
,ghfL1e2rOd,ICLR 2023 TinyPapers,1,0.837920489296636,0.837920489296636,1,1,58.498121676999745,92.05925143000013,17510,4624,22134,6.074376872999892,20.323233380000147,53.7973093669998,49.42799829400019,2243,256,2499,2409,932,3341,8843,2736,11579,8645,2831,11476
,hBz5h3C9Sq,ICLR 2023 TinyPapers,1,0.7787610619469026,0.7787610619469026,1,1,61.03380974499987,102.00329471500072,19693,5300,24993,6.220610924000084,16.936656527000196,52.63741670299987,51.36250469500055,2190,267,2457,2329,911,3240,7320,2922,10242,7148,2750,9898
,iCqvQSvar5V,ICLR 2023 TinyPapers,1,0.6525423728813559,0.6016949152542372,1,1,58.02605620099985,87.3802053950003,15442,4673,20115,8.127865834999739,16.816224418000274,50.00362989699988,49.89229637900053,2193,359,2552,2115,908,3023,7262,2772,10034,7268,2760,10028
,iF2w_kqmYmw,ICLR 2023 TinyPapers,1,0.7142857142857143,0.7142857142857143,1,1,58.86625343300011,93.5779127980004,15632,4626,20258,8.96020519600006,16.57962300300005,51.448992962000375,51.366415983000024,2309,296,2605,2201,898,3099,7368,2733,10101,7377,2619,9996
,hli7A0ioiS_,ICLR 2023 TinyPapers,1,0.7254901960784315,0.7254901960784315,1,1,89.53865097199969,122.6168062730003,17322,5152,22474,8.83812419800006,18.506726446000357,79.15059978,57.67074877899995,2370,427,2797,2183,986,3169,8602,3056,11658,8552,3059,11611
,iSkcAjBqUHU,ICLR 2023 TinyPapers,0,0.609375,0.609375,1,1,66.83087209299993,104.34850238099989,23004,4998,28002,5.950700645999859,22.079850835000343,59.43724961599992,58.64986108999983,3660,239,3899,2186,878,3064,12932,3236,16168,12978,3009,15987
,iWiwox99aJ,ICLR 2023 TinyPapers,1,0.7037037037037036,0.6962962962962962,1,1,77.04053119900027,114.50365374999956,16323,4565,20888,8.840497000999676,23.196217199999865,68.77987048899968,54.04394748599998,2184,376,2560,2084,908,2992,8290,2657,10947,8298,2605,10903
,if1Mmrxf-pq,ICLR 2023 TinyPapers,1,0.6111111111111112,0.6111111111111112,1,1,68.88320350000004,109.60016810599973,23069,5727,28796,6.4509593419998055,16.971880453999802,60.35252109200019,52.813738621000084,3070,279,3349,2489,917,3406,9396,3246,12642,9187,2928,12115
,j1gj0ndrk1,ICLR 2023 TinyPapers,1,0.8511904761904762,0.8511904761904762,1,1,59.70810921200018,87.44240314900026,15563,4431,19994,7.0742770209999435,16.580821473000015,51.86184615400043,45.824348079000174,2627,273,2900,2270,893,3163,6972,2661,9633,6792,2525,9317
,isodM5jTA7h,ICLR 2023 TinyPapers,1,0.7342995169082126,0.7342995169082126,1,1,72.68740037299995,89.11045371,14763,4128,18891,10.043669425999724,15.869284489000165,63.19749979500011,63.19749979500011,2349,491,2840,2238,851,3089,10178,2787,12965,10178,2787,12965
,jbBPBUGk-4,ICLR 2023 TinyPapers,1,0.34521575984990616,0.2664165103189493,1,1,63.132283155000096,102.5897154739996,15685,5123,20808,12.683657461999701,18.280023791000076,57.55888527799971,50.47381882399986,2171,650,2821,2285,989,3274,7378,2760,10138,7271,2778,10049
,jbNqgEJf0EI,ICLR 2023 TinyPapers,1,0.7395833333333334,0.7395833333333334,1,1,56.064381637000224,85.75007657100014,15961,4523,20484,6.48755396200022,17.943273088000296,49.5645365839996,44.645824750999964,2180,245,2425,2214,966,3180,7971,2721,10692,7879,2430,10309
,jd7Hy1jRiv4,ICLR 2023 TinyPapers,1,0.6626506024096385,0.6626506024096385,1,0.6666666666666666,51.10449452700004,82.24254221899992,17607,4241,21848,6.4875206950000575,18.114820405000046,45.95708364400025,45.1169248289998,2199,239,2438,2096,905,3001,9582,2497,12079,9593,2472,12065
,kBkou5ucR_d,ICLR 2023 TinyPapers,1,0.7916666666666666,0.7916666666666666,1,1,79.1323365039998,118.69459050800015,20716,5766,26482,9.743921208999836,23.331682779000403,69.37870190000012,61.16429951500004,2480,406,2886,2708,1082,3790,11034,3640,14674,10587,3225,13812
,kbhUUAMZmQT,ICLR 2023 TinyPapers,1,0.7368421052631579,0.7368421052631579,1,1,65.92884564299993,92.677324400001,16606,4481,21087,6.647603640000398,16.717869585000244,58.021196415000304,50.46046129000024,2394,279,2673,2080,904,2984,8431,2723,11154,8431,2488,10919
,kidk_E11QQ,ICLR 2023 TinyPapers,0,0.7587939698492463,0.6934673366834171,1,1,63.601588753000215,96.32106648900026,14070,4563,18633,5.857312211000135,21.798888661000092,55.51286262299982,52.56168126500006,2106,246,2352,2361,993,3354,5847,2652,8499,5915,2474,8389
,lkWvTn2IzA,ICLR 2023 TinyPapers,1,1,1,1,1,64.10650085399993,99.13734205699984,20048,4677,24725,8.675684404000094,19.982099168999866,56.83655464699996,48.607124872999975,2559,246,2805,2265,968,3233,11253,2749,14002,11190,2671,13861
,lmcPpHDa0B,ICLR 2023 TinyPapers,0,0.6376811594202899,0.6376811594202899,1,1,95.75088424900014,141.52685219899922,21335,5418,26753,6.228707674999896,19.224342922999767,87.87099012699991,83.52125507799974,2172,242,2414,2468,1047,3515,8824,2929,11753,8800,2727,11527
,losgEaOWIL7,ICLR 2023 TinyPapers,1,0.806896551724138,0.806896551724138,1,1,91.21302219500012,150.44970173800084,24500,5757,30257,10.435571504000109,22.237041331,82.72636546000012,75.95963638300009,2237,335,2572,2888,1220,4108,8337,2546,10883,8126,2337,10463
,lpcO1957Tv,ICLR 2023 TinyPapers,1,0.84472049689441,0.84472049689441,1,1,57.36067683300007,87.79303271399931,17069,4490,21559,7.575426419999985,19.12919659599993,48.925586652999755,46.212626628999715,2250,322,2572,2439,1008,3447,8632,2563,11195,8384,2528,10912
,mIEMVZ47aNA,ICLR 2023 TinyPapers,1,0.8038585209003216,0.8038585209003216,1,1,56.72122396900022,88.1885156000003,16900,4263,21163,8.717245489000106,20.926230406000286,48.27117802199973,45.66374978600015,2174,333,2507,2483,996,3479,8357,2433,10790,8247,2425,10672
,mvo72yTjhTl,ICLR 2023 TinyPapers,0,0.6913580246913581,0.6913580246913581,1,1,55.529435166999974,87.40133244600065,13856,4312,18168,6.436519118999968,18.932627334000244,48.103509148000285,46.73784347400033,2114,204,2318,2037,894,2931,6178,2572,8750,6177,2497,8674
,n5aZMLXVndP,ICLR 2023 TinyPapers,1,0.7142857142857142,0.7142857142857142,1,1,63.42481574000021,103.31281892699963,21312,5374,26686,6.022295098000086,18.034253893999903,55.060973721999744,50.36079190199962,2277,231,2508,2617,937,3554,8115,2974,11089,8154,2771,10925
,nF70Sl-HUZ,ICLR 2023 TinyPapers,1,0.8169761273209548,0.8169761273209548,1,1,53.60067720300003,80.92613586499965,15624,4265,19889,8.026652079000087,16.231221804000143,46.71318321299941,45.51183178299971,2271,373,2644,2148,875,3023,7431,2445,9876,7326,2538,9864
,nazr0QFvHR,ICLR 2023 TinyPapers,1,0.795847750865052,0.795847750865052,1,1,56.51956756000027,75.66094898699976,12092,3553,15645,11.529506738000237,15.210587170999588,48.92085507799993,48.92085507799993,2303,270,2573,2166,810,2976,7625,2473,10098,7625,2473,10098
,nSqrgBKBGkv,ICLR 2023 TinyPapers,0,0.6947368421052632,0.6947368421052632,1,0.5,62.446001003999754,74.95559722299959,10812,3812,14624,5.964833381999597,14.683507100000043,54.30725674099995,54.30725674099995,2228,255,2483,2040,773,2813,6546,2786,9332,6546,2786,9332
,niyvAOOnwPM,ICLR 2023 TinyPapers,1,0.7142857142857143,0.7142857142857143,1,1,62.25688045700008,95.95126928500031,16705,4743,21448,8.493937446000018,19.09362150400011,56.44811500600008,55.209546128000056,2220,219,2439,2651,1045,3696,7449,2992,10441,7560,2785,10345
,nbqO93YTz-,ICLR 2023 TinyPapers,0,0.8275862068965517,0.8275862068965517,1,1,65.32781189200023,123.36097491100008,23626,5750,29376,9.693566682999972,31.25165594400005,56.520892816000014,55.21233756699985,2252,446,2698,2820,1061,3881,9759,3086,12845,9595,2966,12561
,njpSzZ6mCU,ICLR 2023 TinyPapers,1,0.7450980392156863,0.7450980392156863,1,1,54.114442874999895,94.49118754300025,19569,4928,24497,5.784478046999993,19.912099687000136,46.5971515870001,44.085062364999885,2109,197,2306,2749,1057,3806,7030,2579,9609,7057,2429,9486
,o7uGWBK6Uo,ICLR 2023 TinyPapers,1,0.6952789699570817,0.6866952789699571,1,1,61.00155445500013,89.22350111699961,18347,4466,22813,6.6916435440002715,20.728751009000007,51.82530218899956,46.08848272899968,2609,290,2899,2348,924,3272,9399,2748,12147,9271,2557,11828
,oKa5_mxHBV,ICLR 2023 TinyPapers,1,0.7985611510791367,0.7985611510791367,1,1,61.37636537099979,90.12733029600031,16778,4476,21254,7.6987395430001015,16.030531269999756,53.106155801000114,51.713685618000454,2612,270,2882,2147,860,3007,8161,2732,10893,8078,2727,10805
,osqgjMNm4_,ICLR 2023 TinyPapers,1,0.732876712328767,0.7191780821917808,1,1,63.333887733999745,114.80200048400047,21636,4328,25964,5.961676202000035,19.093146326999886,57.3807080470001,57.044072685000174,2172,262,2434,2214,1027,3241,9218,1804,11022,9226,1598,10824
,qNJRvdKDGYg,ICLR 2023 TinyPapers,1,0.7767857142857143,0.7767857142857143,1,0.3333333333333333,52.31865466999989,64.0338321349991,11360,3149,14509,6.970524397999725,12.806047423999644,44.25726031299973,44.25726031299973,2218,296,2514,2028,632,2660,7115,2222,9337,7115,2222,9337
,p7sHcNt_tqo,ICLR 2023 TinyPapers,0,0.8090614886731392,0.8090614886731392,1,0.6666666666666666,56.03204496399985,124.11006504000079,25386,5810,31196,13.68399465099992,22.29375015400001,50.01045280800054,44.72796836000043,2364,450,2814,3280,1024,4304,8081,2620,10701,8003,2497,10500
,pKd6q-FrprW,ICLR 2023 TinyPapers,1,0.9022556390977443,0.9022556390977443,1,1,61.565219568999964,105.37686317399994,20167,5346,25513,8.755742181999722,19.51154072899999,51.08735707699998,46.94907211100008,2216,368,2584,2792,1001,3793,7317,2542,9859,6846,2676,9522
,qPwZouq5sY_,ICLR 2023 TinyPapers,1,0.5599999999999999,0.44444444444444436,1,1,55.609690856999805,90.05446537800071,14827,4424,19251,6.495382907000021,21.47002155400014,49.83217559100012,47.577638503000344,2210,262,2472,2317,870,3187,6416,2656,9072,6398,2647,9045
,qW_GZYyn7C,ICLR 2023 TinyPapers,1,0.8120300751879699,0.8120300751879699,1,1,58.87907826699984,100.46038374299951,15624,4763,20387,15.047569156000009,17.782132981999894,52.50628398799972,51.16450791399984,2263,376,2639,2351,896,3247,7126,2742,9868,6976,2766,9742
,qqKO_rrg9y,ICLR 2023 TinyPapers,1,0.8384074941451991,0.8337236533957845,1,1,53.23037425500024,84.13255292699978,15855,4266,20121,7.152570394000122,19.06406133499968,45.597382542000105,43.229283658999975,2712,324,3036,2075,873,2948,7549,2393,9942,7449,2421,9870
,qX8cGLnfAd,ICLR 2023 TinyPapers,1,0.6575342465753424,0.6575342465753424,1,1,67.08414100500022,102.71407974699969,17057,5264,22321,6.748496112999874,24.185141640999973,57.536956480999834,54.16612657099995,2486,282,2768,2412,1110,3522,7965,3148,11113,8050,2970,11020
,q_lJooPbX_,ICLR 2023 TinyPapers,1,0.6818181818181819,0.6818181818181819,1,0.5,69.82393385800015,77.10223687399957,11334,3854,15188,5.575857364999592,17.05001466399972,54.47636484500026,54.47636484500026,2036,224,2260,1952,804,2756,7348,2827,10175,7348,2827,10175
,qq-bA-VLUN,ICLR 2023 TinyPapers,0,0.7368421052631579,0.7368421052631579,1,1,69.82266983799991,115.74897641899997,12748,4061,16809,43.36853665800027,17.43572646199982,54.944713298999886,54.944713298999886,2166,531,2697,1962,831,2793,8622,2700,11322,8622,2700,11322
,rAT51tL04I2,ICLR 2023 TinyPapers,1,0.7589285714285714,0.7589285714285714,1,1,53.49454548299991,86.04869581100002,14549,4118,18667,7.413763775000007,16.97121523299984,47.120662236000044,43.89386085700016,2246,337,2583,2108,885,2993,6795,2363,9158,6811,2165,8976
,rLqN6XLbON,ICLR 2023 TinyPapers,0,0.8354430379746834,0.8354430379746834,1,1,62.54040774499981,111.44824057599953,21368,5671,27039,7.422832383999776,24.239547990999654,53.91011391599977,50.21072398599972,2641,349,2990,2995,1154,4149,7437,2803,10240,7314,2826,10140
,rrZtzI7xj2b,ICLR 2023 TinyPapers,1,0.4246153846153846,0.25230769230769234,1,0.6,59.22701127399978,106.60028479899938,20028,5286,25314,6.683838991999892,20.227273448999767,51.73245838999992,47.497621852000066,2278,307,2585,2290,954,3244,7960,2671,10631,7898,2590,10488
,uMlLT_xuiE,ICLR 2023 TinyPapers,1,0.7511737089201876,0.7511737089201876,1,1,55.419927313000244,75.09094026299954,12720,3552,16272,7.010348753000017,19.488802967999618,48.591788541999904,48.591788541999904,2128,279,2407,2083,818,2901,8510,2456,10966,8510,2456,10966
,uNrSvEr9Lqc,ICLR 2023 TinyPapers,1,0.708994708994709,0.708994708994709,1,0.6666666666666666,63.775544509000156,83.69183948099953,12923,4260,17183,7.285450829999718,18.63741347799987,57.768975172999944,57.768975172999944,2272,320,2592,2110,742,2852,8542,3199,11741,8542,3199,11741
,udl9OobOxZu,ICLR 2023 TinyPapers,1,0.5633802816901409,0.5633802816901409,1,1,63.41735467599983,92.37001321399975,16323,4544,20867,6.358904072000314,19.909824785999717,54.293237986999884,53.65329954699973,2264,275,2539,2242,999,3241,7954,2709,10663,7824,2706,10530
,ufA2FuCGyz,ICLR 2023 TinyPapers,1,0.8266666666666665,0.8266666666666665,1,0.8000000000000002,50.273305530000016,86.92565743700061,14852,4332,19184,11.996012723000149,18.119537273000333,45.096707787000014,43.987997838999945,2414,429,2843,2116,857,2973,6742,2463,9205,6702,2414,9116
,uwbyW92Sonu,ICLR 2023 TinyPapers,1,0.6073298429319371,0.5654450261780105,1,1,60.750962080000136,110.42290456700039,19859,5544,25403,11.00762716600002,17.524905550999847,53.53428678399996,52.5616373580001,2300,464,2764,2550,942,3492,7503,2654,10157,7320,2708,10028
,vHOO1lxggJ,ICLR 2023 TinyPapers,1,0.6835443037974684,0.6835443037974684,1,1,58.57657381400031,103.73850846199957,18026,4912,22938,7.249205741999958,20.051248529000077,51.70422109999981,42.37750686199979,2709,269,2978,2206,966,3172,6143,2634,8777,6156,2270,8426
,vd16AYbem3Z,ICLR 2023 TinyPapers,0,0.7333333333333334,0.7333333333333334,1,0,62.75463272600018,102.82262550000041,18731,4671,23402,15.566407648000222,19.126946426999893,55.171552175000215,53.311998063000374,2287,354,2641,2303,936,3239,10072,2760,12832,10058,2759,12817
,wUEY2CdQGi1,ICLR 2023 TinyPapers,1,0.7906976744186046,0.7906976744186046,1,1,62.059494563000044,93.46889619199919,14898,4917,19815,7.196036482999716,18.00761062599986,55.24569406599949,47.95670036499996,2225,284,2509,2236,995,3231,6652,2958,9610,6536,2661,9197
,wecTsVkrjit,ICLR 2023 TinyPapers,1,0.8260869565217392,0.8260869565217392,1,1,64.5807809830003,99.33568717200023,18118,4820,22938,10.37956147199975,21.47743336099984,55.83908269500034,52.802826997000466,2192,350,2542,2318,1013,3331,9421,2855,12276,9421,2855,12276
,wFxjFCHUkS,ICLR 2023 TinyPapers,1,0.7967479674796748,0.7967479674796748,1,1,68.91544845899989,98.04329652399929,17421,4395,21816,7.434254568999677,15.854085643999952,60.758274279000034,57.04125262699972,2212,317,2529,2141,861,3002,9227,2651,11878,9265,2602,11867
,x4MuUFPKEIj,ICLR 2023 TinyPapers,1,0.7204301075268817,0.7204301075268817,1,1,50.930252799999835,82.0473724540002,16581,4134,20715,7.091444245000275,15.922716309999942,44.86120631799986,43.928428608000104,2202,241,2443,2025,856,2881,9030,2374,11404,9030,2337,11367
,x2XNoPdXF8J,ICLR 2023 TinyPapers,1,0.7601476014760148,0.7601476014760148,1,1,54.25050985000007,79.1362317930002,11012,4019,15031,10.603955074000169,20.00734723200003,48.52492948700001,48.52492948700001,2308,450,2758,2090,885,2975,6615,2686,9301,6615,2686,9301
,xKf-LSD2-Jg,ICLR 2023 TinyPapers,0,0.7761194029850746,0.7761194029850746,1,0.6666666666666666,69.95315416799986,99.08353463200046,15459,4515,19974,10.080301482999857,15.277863432000231,62.142791026000396,45.76283722900007,2174,419,2593,2078,793,2871,7611,2710,10321,7605,2436,10041
,xmY_plRB15j,ICLR 2023 TinyPapers,1,0.7844827586206896,0.7844827586206896,1,1,57.71442618200035,89.0970206729994,16737,4217,20954,7.0921986779999315,16.69711678700014,50.26074581799958,49.13367377399936,2319,245,2564,2310,905,3215,8516,2505,11021,8275,2400,10675
,x_adzmY6PQ5,ICLR 2023 TinyPapers,1,0.588957055214724,0.5644171779141104,1,1,60.56518203099995,112.83000612999967,18159,4959,23118,5.217669223999565,23.66119075000006,53.101962806999836,51.630569039999955,2109,197,2306,2314,981,3295,6245,2761,9006,6267,2519,8786
,xZGPLvRpf4N,ICLR 2023 TinyPapers,1,0.393939393939394,0.393939393939394,1,0.6666666666666666,66.74644458199964,96.73611966199996,18018,4892,22910,6.954940104999878,17.343524001999867,59.351825111999915,56.50988195700029,2285,244,2529,2255,950,3205,9458,3074,12532,9376,2861,12237
,zEGstYVHBt,ICLR 2023 TinyPapers,1,0.7333333333333334,0.7333333333333334,0.3333333333333333,1,58.74908735500003,90.46622147300104,17531,4647,22178,9.537914659000307,18.09809528200003,49.884241949000625,47.24651038400043,2193,342,2535,2339,989,3328,9214,2671,11885,9139,2575,11714
,z2Gr8YqsimF,ICLR 2023 TinyPapers,1,0.6835443037974684,0.6835443037974684,1,1,62.19021760399983,106.70513657299944,20417,5253,25670,6.564104949000011,23.75327351199985,52.66851950599994,49.927756170000066,2214,288,2502,2284,957,3241,8111,2837,10948,8005,2748,10753
,zYF6NLJl6LM,ICLR 2023 TinyPapers,1,0.8072727272727274,0.8072727272727274,1,1,55.252651914000126,86.57579216800013,16419,4346,20765,9.186596162999649,19.35278418500002,47.063890627000546,42.7843939950003,2179,390,2569,2209,930,3139,8576,2485,11061,8472,2221,10693
,zdhCATDn_Q,ICLR 2023 TinyPapers,1,0.852216748768473,0.852216748768473,1,0.5,54.20245325899987,111.27011773599997,19777,5294,25071,16.549514301000272,20.542455985999823,47.67498689800004,45.696081720000166,2411,568,2979,2807,983,3790,6929,2400,9329,6651,2504,9155
,zZjPRz0EX5T,ICLR 2023 TinyPapers,1,0.8387096774193548,0.8387096774193548,1,1,57.037977611000315,91.07398244100114,17484,4513,21997,8.93590236900036,21.389492618000077,47.66309507300048,47.00619753100045,2372,378,2750,2232,927,3159,9186,2542,11728,8993,2593,11586
,zwywBS3GyFs,ICLR 2023 TinyPapers,1,0.5821596244131455,0.5821596244131455,1,1,56.05742819199986,81.57078456599947,17423,4116,21539,6.693640457999663,19.98949603600022,46.40556913099954,43.74516331599989,2262,255,2517,2358,943,3301,8848,2564,11412,8940,2358,11298
,0a7OXKwmw9,IEEE ICIST 2024 Conference,0,0.8671328671328671,0.8671328671328671,1,0.6666666666666666,57.2579765710002,110.81192367599942,24273,5639,29912,8.353084042000319,18.082531764999658,48.88139432199978,46.97727357099984,1865,355,2220,1974,926,2900,8998,2669,11667,8981,2539,11520
,3KOwuI0B5z,IEEE ICIST 2024 Conference,1,0.7744360902255638,0.7744360902255638,1,1,59.038460121,94.18065355800002,21618,4761,26379,10.021290433,18.41975245,47.812396996000004,43.762379131,1892,308,2200,1869,965,2834,10410,2596,13006,10388,2386,12774
,3dNL0Q0j8f,IEEE ICIST 2024 Conference,1,0.7636363636363637,0.7636363636363637,1,1,59.666707329,98.55758390300002,19745,4927,24672,11.481194513,16.998177472000002,48.847335039,43.66399618500001,1971,441,2412,1875,896,2771,9058,2525,11583,9048,2219,11267
,4T963GENPI,IEEE ICIST 2024 Conference,0,0.8333333333333334,0.8277777777777778,1,1,63.679852133,108.228213085,19879,5236,25115,10.234423560999998,20.949479945,53.769839298,47.82107121799999,1932,346,2278,1874,934,2808,8456,2747,11203,8462,2585,11047
,7LL9KbT9ro,IEEE ICIST 2024 Conference,1,0.7999999999999999,0.7999999999999999,1,1,60.088208206,110.968957466,22799,5402,28201,8.838850131,24.911938023999998,51.04040981600001,47.78800951200001,1938,333,2271,1967,1022,2989,11461,2734,14195,11330,2557,13887
,98Wp0EAx6P,IEEE ICIST 2024 Conference,1,0.7918367346938776,0.7918367346938776,1,1,64.079628523,102.27159217599998,19762,5008,24770,10.191052673999998,15.488676873,54.98979557,50.806685451,1804,291,2095,1821,795,2616,8496,2880,11376,8514,2620,11134
,8haaEllsjL,IEEE ICIST 2024 Conference,1,0.7847222222222222,0.7638888888888888,1,1,66.01588542,123.28952059000001,29228,6282,35510,10.188823231,18.705344041000004,57.333214995000006,56.367547327,1954,345,2299,2027,986,3013,12417,3193,15610,12399,3134,15533
,AQH0VuK6rp,IEEE ICIST 2024 Conference,1,0.7868852459016393,0.7868852459016393,1,1,61.209114454,106.05791480399999,23263,5512,28775,8.317457797999992,18.357583921,52.822463023,48.88347714,1990,375,2365,1888,995,2883,11688,2792,14480,11709,2698,14407
,CxWEOEhqo6,IEEE ICIST 2024 Conference,1,0.8082191780821918,0.8082191780821918,1,1,56.780643861,100.56498381200002,22721,5149,27870,11.06866002800001,16.822835549999994,48.813557379,44.83062794700001,1954,394,2348,1860,912,2772,11630,2608,14238,11610,2492,14102
,C84NGKXzwB,IEEE ICIST 2024 Conference,0,0.8045977011494253,0.8045977011494253,1,1,63.541571993999995,109.109815904,21073,5665,26738,7.821229469999992,16.91418243800001,55.806456194000006,53.377845448,1846,319,2165,1887,920,2807,9489,2948,12437,9365,2939,12304
,Cox7GQmwAI,IEEE ICIST 2024 Conference,1,0.7935222672064777,0.7935222672064777,1,1,59.454450128000005,100.71221472499998,23806,5172,28978,6.421251167999998,20.98293212899999,50.781682382,47.33487584699999,1886,267,2153,1964,1064,3028,12324,2757,15081,12216,2537,14753
,ED7EDryw3i,IEEE ICIST 2024 Conference,1,0.6899563318777293,0.6899563318777293,1,1,55.53073647800001,95.786281765,20267,4909,25176,6.025862488000001,19.971955635,48.081614122000005,47.350825438,1853,245,2098,1907,876,2783,8823,2676,11499,8852,2629,11481
,DuY2U9TNuJ,IEEE ICIST 2024 Conference,1,0.8542199488491048,0.8542199488491048,1,0.3333333333333333,60.06066301199999,108.40413427599998,17066,5155,22221,7.885018056999996,17.351699174999993,51.14957633499999,44.80827832099999,1898,374,2272,1874,935,2809,6566,2588,9154,6424,2363,8787
,FjSPgP2m1X,IEEE ICIST 2024 Conference,1,0.8131868131868133,0.8131868131868133,1,0.25,61.706757018000005,107.32232223900002,18997,5144,24141,7.8267985790000125,19.317279297,52.339608841,45.20816670899998,1860,345,2205,1818,836,2654,8027,2723,10750,8026,2509,10535
,ImUUzCj4k8,IEEE ICIST 2024 Conference,1,0.7918367346938776,0.7918367346938776,1,1,65.571814719,100.83113629099998,19256,5026,24282,8.22117601399998,17.900118426999995,53.57843896999998,51.288874891000006,1908,336,2244,1766,944,2710,8094,2678,10772,8085,2562,10647
,HFrWfFXFQo,IEEE ICIST 2024 Conference,1,0.4580152671755725,0.3816793893129771,1,1,68.787469684,129.812202972,22691,5373,28064,20.79274326999999,23.353781132999984,59.92947551400002,54.47350963600002,1927,290,2217,1851,890,2741,10944,3061,14005,10996,2707,13703
,IuP6BhQcDi,IEEE ICIST 2024 Conference,1,0.8178694158075601,0.8178694158075601,1,1,84.75650036299999,93.43451051500003,21071,4582,25653,8.951727100999989,16.11900717100002,42.919881376999996,37.39599588600001,1953,425,2378,1935,866,2801,10808,2123,12931,10792,1934,12726
,FE4XKb4tcU,IEEE ICIST 2024 Conference,0,0.8373205741626792,0.7894736842105262,1,0.4,96.81641219699999,107.78232824400004,19450,5474,24924,7.5183947339999975,18.924529742999994,52.21261884900002,49.84105594500002,1857,347,2204,1909,1010,2919,7997,2820,10817,8049,2679,10728
,NKhQ1UEQFb,IEEE ICIST 2024 Conference,1,0.7872340425531915,0.7872340425531915,1,1,54.591266843,104.34341462700007,21907,5087,26994,7.328783309000016,19.473052651000017,52.12249447000002,48.765597626000016,1898,266,2164,1972,1026,2998,10737,2688,13425,10683,2483,13166
,NLNBi9lbov,IEEE ICIST 2024 Conference,1,0.8305084745762712,0.8305084745762712,1,1,72.41151608600003,109.7521500580001,22074,5204,27278,7.7283660629999815,20.07841355299999,46.74365045500005,43.073258209000045,1886,322,2208,1974,999,2973,7595,2451,10046,7607,2208,9815
,SFRso9tpQM,IEEE ICIST 2024 Conference,1,0.8289855072463768,0.8289855072463768,1,1,66.20965995099999,111.73449648299996,22562,5637,28199,8.89543226699999,18.64116419100003,57.784209876999995,56.09478875099998,2030,423,2453,1922,1035,2957,9801,3103,12904,9829,2972,12801
,RovPJqGJOh,IEEE ICIST 2024 Conference,1,0.8854961832061068,0.8854961832061068,1,1,93.76412306399999,145.137109796,20414,5183,25597,9.947084206,22.212642665000004,84.98414280900002,83.00189071600002,2028,437,2465,1868,901,2769,8870,2668,11538,8918,2556,11474
,RyIvv1JX3h,IEEE ICIST 2024 Conference,1,0.8582375478927202,0.8582375478927202,1,0.4,92.483214124,111.65425161199997,22639,5722,28361,9.966714566999997,15.156666788999985,61.39892493900001,55.344656447000006,2067,472,2539,1793,797,2590,10117,3301,13418,10103,3066,13169
,Jz7lDfrb1j,IEEE ICIST 2024 Conference,1,0.8066298342541436,0.8066298342541436,1,0,194.25842213900003,110.38331090899993,20937,5259,26196,12.660074984999994,19.746842480999987,56.12729235299997,50.64974288299999,2135,461,2596,1863,861,2724,8671,2943,11614,8611,2824,11435
,X8dAyiGRSM,IEEE ICIST 2024 Conference,1,0.7710843373493975,0.7710843373493975,1,0.3333333333333333,62.620385989,104.45204025500004,23237,5167,28404,9.698234471000035,18.157592048000026,53.659978142,49.10292541899997,1883,474,2357,1845,989,2834,12037,2612,14649,11944,2566,14510
,VAHff4LruZ,IEEE ICIST 2024 Conference,1,0.7673469387755103,0.7673469387755103,1,1,109.65169038899995,123.93207351299992,26115,5418,31533,10.79061451299998,16.35258547899997,61.28619669699998,58.69152736899997,1939,316,2255,1864,905,2769,14241,2944,17185,14219,2855,17074
,VO8DstLFZR,IEEE ICIST 2024 Conference,0,0.7228260869565217,0.6956521739130436,1,0.2222222222222222,71.142058523,119.61240834799997,24351,5746,30097,10.104245195999965,21.707014232999995,64.48331403999998,63.22779196700003,1981,490,2471,1879,985,2864,11827,3244,15071,11832,3056,14888
,WbRzwfnf3P,IEEE ICIST 2024 Conference,1,0.8992537313432836,0.8992537313432836,1,1,72.96759329100001,116.44296530700001,22681,5548,28229,9.362183859000027,15.704039174999991,65.168006999,51.80091867300001,1981,456,2437,1733,870,2603,10396,3292,13688,10357,2907,13264
,Xk3TF6JLWH,IEEE ICIST 2024 Conference,1,0.4924406047516199,0.3714902807775379,1,1,66.81240393000002,111.08219222900016,21706,5849,27555,7.933853337000016,16.32263720000003,59.44315459500007,56.269953702000066,2003,360,2363,1997,901,2898,9120,3145,12265,8943,3166,12109
,aSYzSmasZz,IEEE ICIST 2024 Conference,1,0.8695652173913044,0.8695652173913044,1,0.8000000000000002,56.895760311000004,100.16618442099997,20913,5105,26018,7.43920541,20.273129321,50.31632657399996,45.44189341099997,1913,330,2243,1786,903,2689,9510,2744,12254,9516,2519,12035
,R6ZMWo7OKE,IEEE ICIST 2024 Conference,1,0.8426966292134831,0.8426966292134831,1,1,243.167393183,118.24314096599994,23741,5567,29308,7.558008416999996,24.567199295000023,49.92104989499995,44.44125755299996,1962,345,2307,2164,1058,3222,8453,2569,11022,8427,2383,10810
,ZvBxfkvGU8,IEEE ICIST 2024 Conference,0,0.8841201716738197,0.8755364806866952,1,1,65.68340958499999,108.99241757400006,20324,4825,25149,7.256863836999969,24.28656367800005,50.352361374,46.66674057800003,1902,288,2190,1806,830,2636,9260,2507,11767,9243,2394,11637
,alucFTO60T,IEEE ICIST 2024 Conference,0,0.7804878048780487,0.7804878048780487,1,0.5,62.63011648699995,104.833420354,17617,4466,22083,8.159804056999974,26.610547757999996,56.03432866100002,55.78673493000002,1929,306,2235,1736,748,2484,10001,2793,12794,9983,2785,12768
,aBxc4ADTyx,IEEE ICIST 2024 Conference,0,0.8656716417910447,0.857142857142857,1,0.3333333333333333,67.31944547700004,127.34727671599995,19318,5712,25030,17.75749393999996,22.893873086000042,54.84338681999998,51.264233245000014,1980,556,2536,1851,1032,2883,7866,2772,10638,7829,2714,10543
,au4HFflf6W,IEEE ICIST 2024 Conference,0,0.8577878103837472,0.8532731376975169,1,1,63.66461108500005,114.68924201900012,19902,5208,25110,14.83732274700003,21.40858610500004,55.34153537900005,51.371748789000094,1941,432,2373,1856,804,2660,8344,2766,11110,8258,2637,10895
,gNLTnJB0Cm,IEEE ICIST 2024 Conference,1,0.8578947368421052,0.8578947368421052,1,0.6666666666666666,57.09572598699998,110.11153485400007,20533,5300,25833,11.159133161,23.938983239000038,49.936986682,47.354547158,1987,437,2424,1927,878,2805,9056,2790,11846,9059,2527,11586
,bmvHIfgK1y,IEEE ICIST 2024 Conference,1,0.8306709265175719,0.8306709265175719,1,0.9090909090909091,62.297258231,106.908667262,20805,5593,26398,8.56846207000001,16.081964228999993,55.12465992799997,53.536661799,1938,410,2348,1826,868,2694,8909,3036,11945,8859,2933,11792
,bKg0I5ZIXm,IEEE ICIST 2024 Conference,1,0.8702290076335879,0.8702290076335879,1,1,67.53472499499998,122.34008427299989,23774,5144,28918,9.171161837,26.343556731999968,60.50672773599996,56.517942121999965,2013,444,2457,1797,890,2687,11967,2849,14816,11983,2740,14723
,d9xHa3zSc0,IEEE ICIST 2024 Conference,0,0.8842105263157894,0.8800000000000001,1,0.6,62.038088665999965,105.59332380700005,21203,5237,26440,11.238879168999972,19.816931029000045,52.94654326599999,51.72315645000003,2077,545,2622,1918,869,2787,9307,2749,12056,9320,2667,11987
,kzbTcOzvFr,IEEE ICIST 2024 Conference,1,0.8085106382978723,0.8085106382978723,1,1,66.97315055699994,97.2793333269999,19634,4665,24299,6.21149285499996,17.413218524,53.72704317199998,43.00424456199994,1914,270,2184,1849,897,2746,8314,2706,11020,8286,2361,10647
,lAtPkUMK1M,IEEE ICIST 2024 Conference,1,0.8249258160237389,0.8249258160237389,1,1,59.48986302499998,113.90515969699999,22160,5423,27583,16.568125525000028,20.067302541000004,52.398205659999974,48.66387192399998,1962,323,2285,1827,1119,2946,10483,2767,13250,10409,2670,13079
,q9y8HjkI0x,IEEE ICIST 2024 Conference,1,0.7626459143968872,0.7626459143968872,1,0,55.42317320999996,95.57700708300013,20014,4835,24849,9.240164248000042,20.189413489999993,46.69368092600007,43.90083663400003,1887,455,2342,1790,798,2588,8875,2607,11482,8841,2464,11305
,oaUPogt3zY,IEEE ICIST 2024 Conference,1,0.7654320987654322,0.7654320987654322,1,1,56.779070439000066,98.85500968199983,23060,5129,28189,7.957644131999928,21.021483191000016,49.45363044399994,47.587095559999966,1865,302,2167,1864,1038,2902,11546,2763,14309,11534,2649,14183
,qYKEnQaxL0,IEEE ICIST 2024 Conference,1,0.7692307692307693,0.74012474012474,1,0.4,58.23744175499996,102.60674877499991,17889,4771,22660,10.868978364000043,16.270712706999973,50.85071472200002,50.6839096519999,2091,549,2640,1842,860,2702,7361,2138,9499,7357,2093,9450
,rOb5IAWIIt,IEEE ICIST 2024 Conference,1,0.8586387434554973,0.8586387434554973,1,1,59.552150359999985,100.71167004299991,21956,5343,27299,7.043475082999976,16.96731373800003,50.92458026499992,48.374671682999974,1956,322,2278,1859,930,2789,10654,2730,13384,10567,2579,13146
,s5OGqxw84S,IEEE ICIST 2024 Conference,1,0.7896678966789668,0.7896678966789668,1,1,58.63155626699995,106.30948316000013,25402,5270,30672,6.069329177999975,18.88844332000008,51.38996860100008,49.13492812599998,1839,225,2064,1822,922,2744,14386,2751,17137,14396,2604,17000
,sk6SJbgCfJ,IEEE ICIST 2024 Conference,1,0.8013937282229965,0.8013937282229965,1,1,75.11755906000008,138.07916025400004,27729,6297,34026,7.134250644999952,21.204204495,69.00060679900002,60.10960274900003,1887,328,2215,2033,1058,3091,11760,2994,14754,11772,2853,14625
,tSu236BZyo,IEEE ICIST 2024 Conference,1,0.844984802431611,0.844984802431611,1,0.9090909090909091,60.766524462999996,102.62811707300011,20806,5264,26070,7.217968732000031,19.045431493000024,53.06814853200001,47.853361468,1908,314,2222,1888,839,2727,8966,2913,11879,8925,2675,11600
,uD25OjLsb6,IEEE ICIST 2024 Conference,1,0.8162162162162162,0.8162162162162162,1,1,64.30777509099994,130.807775934,22946,5879,28825,6.650281202000087,19.598715388000073,56.283018354999854,42.65682468399996,1950,286,2236,1925,1057,2982,8554,2569,11123,8554,2282,10836
,uXkDnVpGvV,IEEE ICIST 2024 Conference,1,0.858560794044665,0.858560794044665,1,0.8,66.606669431,114.59199937899996,19634,5329,24963,8.069324732999917,15.99318861300003,58.29737804700005,45.54314982100004,1967,371,2338,1901,875,2776,8328,2769,11097,8293,2556,10849
,uiLrQsgmPQ,IEEE ICIST 2024 Conference,0,0.8651399491094147,0.8651399491094147,1,0.4,71.09265164099997,129.33755186199994,19092,4627,23719,21.511493700000074,15.11061049,65.00634955399994,50.4873898809999,2001,452,2453,1874,817,2691,8343,2306,10649,8374,2119,10493
,tuLK2POjmp,IEEE ICIST 2024 Conference,1,0.8225352112676055,0.8225352112676055,1,1,88.10259371899997,134.41277121199983,21168,5279,26447,6.961087586999952,17.382147317999966,80.92399263099992,49.192950806,1916,323,2239,1805,902,2707,9493,2972,12465,9460,2760,12220
,un1GMB0h4f,IEEE ICIST 2024 Conference,1,0.8224852071005918,0.8224852071005918,1,1,64.68649281900002,108.16837799400002,24982,5391,30373,10.610187579000012,20.41030769200006,55.364035385999955,50.68748889799997,2052,452,2504,1788,879,2667,13335,2965,16300,13305,2653,15958
,xUCOpZqfBY,IEEE ICIST 2024 Conference,1,0.888402625820569,0.888402625820569,1,1,56.285252552999964,105.29131579099999,19788,5479,25267,11.19477873400001,17.672498087000008,49.58685969299995,44.71093766599995,2120,572,2692,1896,955,2851,8473,2606,11079,8358,2497,10855
,uvVn9fjFCW,IEEE ICIST 2024 Conference,1,0.8119402985074625,0.8119402985074625,1,1,63.33649441299997,110.4471715200001,21599,5429,27028,12.582757421999986,15.930055819000017,55.47702355199999,50.24537229800001,1907,436,2343,1855,851,2706,9648,2841,12489,9662,2796,12458
,utNj9uPAHL,IEEE ICIST 2024 Conference,1,0.8076923076923077,0.7836538461538461,1,0.8333333333333334,80.67159404000006,134.35093683000025,22371,5441,27812,8.727473061000069,19.695000573000016,72.97143907100008,50.927322999000125,1935,417,2352,1911,1017,2928,10517,2987,13504,10489,2675,13164
,ytBtb0q75j,IEEE ICIST 2024 Conference,1,0.7713004484304933,0.7713004484304933,1,1,52.794756855999935,104.13229183900023,21681,4952,26633,12.393962488000057,24.299414625000054,46.01442966800005,45.14335267900003,1875,411,2286,1800,1074,2874,10655,2436,13091,10624,2441,13065
,z56QSBQKib,IEEE ICIST 2024 Conference,1,1,1,1,1,59.61363233199995,103.8992047029999,18962,4873,23835,3.959696377,23.450400246999948,51.752042801000016,42.499213779,2154,128,2282,1859,1011,2870,7940,2568,10508,7963,2291,10254
,yr7QFw9tHz,IEEE ICIST 2024 Conference,1,0.8221574344023325,0.8163265306122449,1,1,82.98162990100002,143.98249144600004,23049,5429,28478,11.746918761000074,19.72179172699998,73.12862308600006,56.87350567699991,1959,339,2298,1895,798,2693,11300,3005,14305,11223,2777,14000
,zweHDQasgI,IEEE ICIST 2024 Conference,1,0.8285714285714285,0.8285714285714285,1,1,56.873161810000056,105.47401143799993,20229,5225,25454,6.641954742000053,26.022616201000005,49.42742881899994,48.2230981429999,1883,304,2187,2092,1091,3183,8461,2668,11129,8322,2679,11001
,-H-AKyXZnHn,LOG 2022 Conference,0,0.8089887640449438,0.8089887640449438,1,1,77.948654067,147.91596825599993,26565,6422,32987,13.565560599000037,22.15953629799992,69.60411718299997,44.14673960799996,2076,691,2767,3062,1133,4195,9256,2850,12106,9151,2444,11595
,-xjStp_F9o,LOG 2022 Conference,1,0.8038095238095238,0.8038095238095238,1,0.7142857142857143,72.00468467199994,131.51154706600016,22016,6105,28121,9.578621667000107,19.14126189000001,64.03129650899996,54.31951622999998,2147,446,2593,2744,966,3710,9019,3222,12241,8670,2760,11430
,-vshFhHpKhX,LOG 2022 Conference,1,0.5141903171953255,0.333889816360601,1,1,81.94509606500003,147.74492556199993,27584,6156,33740,14.143084676999933,20.60173153100004,73.57071190400006,67.52559573600001,1955,725,2680,3756,1122,4878,9550,2407,11957,9209,2506,11715
,1sPcfSScGWO,LOG 2022 Conference,1,0.8369747899159665,0.8369747899159665,1,1,73.81504119399995,175.0434005420001,28612,7419,36031,33.040196562999995,22.27478732899999,64.10886945800007,57.26492424100002,2004,471,2475,3517,1100,4617,9924,3068,12992,9450,3103,12553
,0lSm-R82jBW,LOG 2022 Conference,1,0.7458432304038005,0.7458432304038005,1,1,98.16601814899991,196.1799259479999,28474,6345,34819,10.456255682999995,89.7138243259999,55.04943110699992,49.68197809200001,1848,372,2220,3852,1092,4944,10094,2670,12764,9367,2725,12092
,2HqKwHaBwv,LOG 2022 Conference,1,0.6731234866828087,0.6585956416464891,1,1,71.791832194,148.15493061500013,28317,6458,34775,9.572700634000057,23.111927293000008,62.96560717700004,51.14659038800005,2093,374,2467,3435,1090,4525,10695,2886,13581,9898,2795,12693
,48WaBYh_zbP,LOG 2022 Conference,1,1,1,1,0.6666666666666666,60.341629775,126.79649525700029,25112,5822,30934,11.684658442,30.80684579000001,48.30096290200015,43.528429950000145,1874,240,2114,2684,1053,3737,8746,2703,11449,8518,2577,11095
,5Zxh3fQ8F-h,LOG 2022 Conference,1,0.7350993377483444,0.7350993377483444,1,1,59.626334069999984,103.84345313599988,30910,5466,36376,8.233573731999968,20.90773264300003,48.749538293999876,44.49277408299997,2039,375,2414,4611,1125,5736,11209,2464,13673,10226,2677,12903
,4FlyRlNSUh,LOG 2022 Conference,1,0.7306666666666667,0.6826666666666666,1,1,75.58270028000004,140.956098708,26957,6444,33401,12.984422040000027,22.52178250999998,63.642256976,51.11444242699997,2163,367,2530,3024,1019,4043,9501,3062,12563,9115,2876,11991
,60avttW0Mv,LOG 2022 Conference,1,0.7636363636363637,0.7636363636363637,1,0.75,67.627356448,127.41478799599997,26734,6275,33009,7.327425518000041,19.600915222000026,59.87512325699993,51.22389183699988,2037,336,2373,3036,1055,4091,9308,2876,12184,8940,2756,11696
,7B_qc3tDyD,LOG 2022 Conference,1,0.7976878612716762,0.7976878612716762,1,1,60.107392559000004,112.98126238999998,26862,5935,32797,9.19705684600001,18.312655928000027,50.73998595900002,43.97045834300002,2033,415,2448,3447,1004,4451,8931,2700,11631,8615,2365,10980
,8GJyW4i2oST,LOG 2022 Conference,1,0.6688741721854305,0.662251655629139,1,1,67.24716587800003,134.44164105499976,26146,5869,32015,7.319615677999991,19.35269975199992,59.14653964799993,49.56148111099992,1980,283,2263,2760,1072,3832,9583,2623,12206,9573,2393,11966
,BCg0P57qU96,LOG 2022 Conference,1,0.7629796839729119,0.7629796839729119,1,1,60.185672506999936,108.72651014400003,18871,4921,23792,11.865869431000078,16.98756415699995,49.69470636999995,45.202012631,1943,428,2371,2153,933,3086,7954,2417,10371,7968,2102,10070
,CtsKBwhTMKg,LOG 2022 Conference,1,0.7159763313609467,0.7159763313609467,1,0.75,63.92022992,115.92052384199997,27977,5865,33842,7.308596201,19.660125905999962,54.96892205300003,49.95860887599997,2065,327,2392,3013,997,4010,9973,2888,12861,9880,2830,12710
,Dbkqs1EhTr,LOG 2022 Conference,1,0.7924528301886793,0.7924528301886793,1,1,59.47255102899999,110.61583677600004,22018,5546,27564,11.918156045000046,22.281647021000026,50.18264768400002,43.67420301000004,1991,579,2570,2987,1132,4119,9223,2837,12060,8781,2476,11257
,EM-Z3QFj8n,LOG 2022 Conference,1,0.7383177570093457,0.7289719626168225,1,0.9166666666666666,60.177126541999996,129.69250449200013,25979,5861,31840,12.88265117200001,24.810778912000046,49.84933209799999,44.961367572000086,2235,479,2714,3064,1052,4116,9131,2398,11529,8747,2482,11229
,EPUtNe7a9ta,LOG 2022 Conference,1,0.7866419294990724,0.7866419294990724,1,1,64.311895316,127.920879721,28959,5813,34772,8.209651546000032,22.46946861299989,48.89012229400009,39.89362854100011,2055,354,2409,3534,605,4139,8555,2296,10851,8393,2249,10642
,FebadKZf6Gd,LOG 2022 Conference,1,0.7279029462738301,0.7209705372616985,1,0.9333333333333333,64.52214030300001,138.11006854899995,27284,6481,33765,14.671372979000012,25.30372537200003,59.60557066899992,50.662191942999925,2117,647,2764,3513,1125,4638,9283,2499,11782,8871,2806,11677
,GdvKsq3_eH,LOG 2022 Conference,1,0.77,0.77,1,1,60.79336948699995,105.09091667199993,22630,5181,27811,9.318596551999917,21.090369366999994,52.27168490400004,41.81670261699992,2163,453,2616,2954,1143,4097,9378,2698,12076,9478,2292,11770
,IKevTLt3rT,LOG 2022 Conference,1,0.8194945848375452,0.8194945848375452,1,1,60.33060480200004,135.42861386799996,27452,6465,33917,13.414104945999952,26.453782000999922,50.74447072099997,44.91344996400005,2126,386,2512,3825,1171,4996,9524,2691,12215,8865,2563,11428
,HRmby7yVVuF,LOG 2022 Conference,1,0.6846361185983828,0.6846361185983828,1,0.75,68.13053625599991,132.6408581579998,30340,6684,37024,9.249244950999923,19.82209697099995,57.72217682500002,52.30165008000006,2043,372,2415,4347,1082,5429,10409,3020,13429,9666,2859,12525
,IP-TISJqfq,LOG 2022 Conference,1,1,1,1,0.6666666666666666,56.36327088600001,121.80589568399978,25235,6189,31424,6.997136619999992,24.687269418999904,48.92091466900001,44.176993206999896,1808,196,2004,3126,1190,4316,8941,2476,11417,8428,2525,10953
,IXvfIex0mX6f,LOG 2022 Conference,1,0.8253424657534246,0.8253424657534246,1,0.5,68.42544599000007,133.66568162999988,28304,6584,34888,10.393609001000073,24.84896159999994,58.40582042400001,49.059590485999934,2180,447,2627,3474,1142,4616,9144,3100,12244,9192,2834,12026
,KQNsbAmJEug,LOG 2022 Conference,1,0.7602905569007263,0.7602905569007263,1,1,59.126394028999925,115.23918410099998,27855,5724,33579,8.644287210000016,20.50849811599994,49.73349678200009,44.96897245899993,2095,304,2399,2888,978,3866,11133,2479,13612,10888,2399,13287
,KUGwmnSdPV3,LOG 2022 Conference,1,0.7981220657276995,0.7981220657276995,1,1,69.66681171800008,116.22612283000012,22558,5487,28045,11.589376228999981,19.749273964000054,55.2098198760001,50.711269095000034,2080,315,2395,2977,1089,4066,9389,2550,11939,9076,2755,11831
,KgjU7K0yEgt,LOG 2022 Conference,1,0.7127659574468085,0.7127659574468085,1,0.5,57.61279590799995,105.86414904200024,20479,5258,25737,6.731314343999998,18.92190129800008,51.59740721700007,43.76070307500004,1924,296,2220,2549,1034,3583,8729,2386,11115,8413,2466,10879
,O7msz8Ou7o,LOG 2022 Conference,1,0.6581632653061225,0.6326530612244897,1,1,72.18595523500005,137.47855748699988,27014,5880,32894,14.068007946999955,18.955988211999966,63.91494786200019,53.32211121099999,2000,411,2411,2840,950,3790,9584,2903,12487,9485,2739,12224
,PTz0aXJp7A,LOG 2022 Conference,1,0.7326315789473684,0.7326315789473684,1,0.6666666666666666,64.51927843199996,119.7992692819995,20495,6273,26768,10.440024693000055,18.06386312299992,57.303588039999795,49.897534755999686,2066,494,2560,2515,1001,3516,8266,3000,11266,8117,2613,10730
,Ri2dzVt_a1h,LOG 2022 Conference,1,0.7003610108303249,0.6931407942238267,1,0.3333333333333333,52.735169469000084,119.4975308870005,23162,5581,28743,6.149466475000054,24.76022449700008,45.050509401,41.88736571000004,1964,275,2239,2978,1114,4092,8385,2098,10483,8094,2065,10159
,QBGYYu3l3dG,LOG 2022 Conference,1,0.691131498470948,0.691131498470948,1,1,77.66413331199999,164.65916557600008,33656,7364,41020,8.493483932000004,20.055422098000008,67.8271812690001,42.66869499300003,2052,396,2448,3835,1005,4840,8924,2596,11520,8509,2460,10969
,QDN0jSXuvtX,LOG 2022 Conference,1,0.7586206896551725,0.7586206896551725,1,0.8000000000000002,83.587753593,150.83177370499993,25441,5879,31320,9.502928847000021,19.674611381999966,72.3607913159999,56.798269119,1997,406,2403,2712,1080,3792,8799,2903,11702,8659,2509,11168
,R8v95EwI7NL,LOG 2022 Conference,1,0.691415313225058,0.691415313225058,1,0.3333333333333333,83.00548526800003,151.49317596200012,26738,6105,32843,10.15006371100003,18.89388423199989,73.08104291100017,54.64581729600013,1830,427,2257,3014,1047,4061,9350,2873,12223,9129,2637,11766
,RqN8W3R76J,LOG 2022 Conference,1,0.8227272727272728,0.8227272727272728,1,1,70.66454599900021,150.12451989299961,29534,6521,36055,23.734077256999853,20.92271677099984,52.324577953000244,47.22686184899999,2228,612,2840,3141,1079,4220,8850,2450,11300,8708,2399,11107
,Sq9Orta9l5i,LOG 2022 Conference,0,0.6647230320699707,0.6647230320699707,0.2,0.8,81.10470441300004,151.46389938799985,31670,6867,38537,14.015463818999933,24.327789875000008,60.89055059999987,49.821010319999914,2248,445,2693,3044,1192,4236,10448,2705,13153,10412,2439,12851
,UiBiLRXR0G,LOG 2022 Conference,1,0.7903930131004366,0.7903930131004366,1,1,63.10383681799999,145.54902545499976,26147,6557,32704,13.721781808999822,28.651579771999877,55.9282480469999,48.528110738999885,1990,336,2326,3125,1055,4180,9170,2982,12152,8811,2570,11381
,VBXRMnRBfRF,LOG 2022 Conference,1,0.7605633802816901,0.7605633802816901,1,1,62.41220203800003,123.74035321300016,24607,5811,30418,9.619797437999978,19.583896835000132,54.48601861800012,44.77616917200021,2151,428,2579,2816,962,3778,8722,2398,11120,8366,2294,10660
,Vbfr1jiMxYS,LOG 2022 Conference,1,0.7713717693836979,0.7713717693836979,1,0.8000000000000002,58.42877737599997,129.7729650260003,26178,5919,32097,10.23845033800012,21.640946385999996,48.24592444500013,46.39620801000001,2052,458,2510,3762,1186,4948,8809,2272,11081,8319,2319,10638
,W2OStztdMhc,LOG 2022 Conference,1,0.6844919786096256,0.6844919786096256,1,0.8571428571428571,64.53285164700014,123.41384051399996,26931,6442,33373,12.927894227000024,19.296888436000017,56.47907868700008,47.47364521600002,1919,667,2586,2819,1047,3866,9791,3055,12846,9683,2638,12321
,W59BHjEDfz,LOG 2022 Conference,1,0.8400000000000001,0.8400000000000001,1,1,51.537043079000114,99.81473974099981,20655,4794,25449,12.305762956999843,27.443975192999915,42.13328414600005,37.30113064000011,1904,584,2488,2797,1064,3861,8381,2271,10652,8413,2163,10576
,WtFobB28VDey,LOG 2022 Conference,1,0.7425149700598802,0.7425149700598802,1,0.5,70.5901935259999,137.19996477200016,29364,6375,35739,7.97245354100005,19.774548645000095,62.163112039,56.69416966400013,2097,307,2404,3851,1034,4885,11079,2917,13996,9729,2821,12550
,UqamDYtuh9,LOG 2022 Conference,1,0.8053097345132743,0.8053097345132743,1,1,140.789242758,187.68067457099983,27716,6800,34516,23.490016964000006,21.778712867000195,103.23030297199966,90.00533707799991,1800,371,2171,3317,1179,4496,9714,3315,13029,9040,2817,11857
,YCgwkDo56q,LOG 2022 Conference,1,0.7344632768361582,0.7344632768361582,1,1,69.98559798699989,152.90904202900015,25892,6038,31930,11.161532874000159,25.297564629999897,61.65193037600011,55.01557960100013,2059,231,2290,2863,1029,3892,9690,2684,12374,9288,2526,11814
,YXHoPO33rk,LOG 2022 Conference,1,0.7941787941787941,0.7941787941787941,1,1,64.4759670630001,127.35921201800033,28737,6286,35023,8.189112092000187,20.590044213000056,57.87835183800007,51.398676798,2059,347,2406,3349,1020,4369,10539,2728,13267,9931,2928,12859
,YcnAf3cEvH3,LOG 2022 Conference,1,0.700361010830325,0.700361010830325,1,0.6666666666666666,65.18472194800006,132.35991583299983,25542,6419,31961,9.918253596000113,22.863475804000018,53.912325880000026,50.971048180000025,2265,428,2693,3020,1044,4064,8336,3015,11351,8069,2676,10745
,ZBsxA6_gp3,LOG 2022 Conference,1,0.7601626016260162,0.7601626016260162,1,0.5714285714285714,67.42225307900003,149.88016684300032,27967,7104,35071,7.755956499000149,28.481070276000082,58.07998059500028,54.808276289000105,1889,320,2209,4028,1053,5081,9393,3157,12550,8600,2838,11438
,ZuMgYX1irC,LOG 2022 Conference,1,0.7911111111111112,0.7911111111111112,1,0.5,57.6340278130001,127.83273343599967,24240,5738,29978,13.69820025099989,20.431404195999903,48.22965158099987,39.117718392999905,2013,284,2297,3061,1017,4078,8338,2121,10459,7969,2319,10288
,Zg8y2-v8ia,LOG 2022 Conference,1,0.579185520361991,0.579185520361991,1,1,70.28254355400009,129.55383016700034,27003,6143,33146,6.643098018000046,20.029324920000136,62.341419320000114,54.11980863500003,1947,152,2099,2834,1077,3911,9349,3017,12366,9220,2958,12178
,_nlbNbawXDi,LOG 2022 Conference,1,0.7844827586206896,0.7844827586206896,0.5,1,63.1934792699999,145.5355422920004,21747,5772,27519,15.536007370000107,37.7658578380001,54.90273859500007,49.82963109800016,2065,642,2707,2885,1101,3986,8840,2627,11467,8865,2455,11320
,aI0-qQsFCHV,LOG 2022 Conference,1,0.41694537346711263,0.399108138238573,1,0.6666666666666666,62.30731228000013,138.07215638400044,26835,6603,33438,19.0597812970002,20.976013173000183,53.47243165400005,45.10783749999996,2453,998,3451,3410,1143,4553,8950,2564,11514,8492,2461,10953
,b9g0vxzYa_,LOG 2022 Conference,1,0.7767441860465116,0.7767441860465116,0,0.6666666666666666,66.65557455399994,129.12826876100007,25194,5842,31036,8.845771459999924,22.18850865699983,56.658763430000135,52.803869592999945,1987,361,2348,3047,1128,4175,8722,2480,11202,8341,2401,10742
,csY9tr8mR7,LOG 2022 Conference,0,1,1,1,0.8000000000000002,79.87193742999989,150.4417048519997,26595,6353,32948,11.495217410000123,25.448039094999785,69.07579473499982,57.04249224399973,1913,303,2216,2923,984,3907,9232,2878,12110,9002,2981,11983
,dI6KBKNRp7,LOG 2022 Conference,0,0.36707152496626183,0.2591093117408907,1,1,63.66940899499991,132.44611977299974,26311,5801,32112,15.528141850999873,23.31000694699992,54.665329445,48.77624653299995,1976,755,2731,2544,972,3516,9490,2771,12261,9316,2691,12007
,dK8vOIBENa3,LOG 2022 Conference,1,0.7934186471663619,0.7934186471663619,1,1,61.3708880910001,117.22820967300004,26513,6072,32585,9.349835949999942,18.899801298000057,51.74597225599996,45.346120547000055,2030,377,2407,2984,1010,3994,9172,2849,12021,9055,2516,11571
,dF6aEW3_62O,LOG 2022 Conference,1,0.761904761904762,0.761904761904762,1,1,79.17816043399989,146.60992811200003,27408,6105,33513,10.123228561999895,17.122170074999985,70.16370250500017,58.56466180100006,2210,469,2679,3037,847,3884,9837,2734,12571,9474,2797,12271
,dnRSxTNIvjK,LOG 2022 Conference,1,0.8135048231511254,0.8135048231511254,1,1,62.96835504899991,136.19463386599978,28611,6191,34802,17.706678756999963,24.820103753000012,54.36069105399997,51.26798429299993,2192,653,2845,3593,993,4586,10025,2642,12667,9572,2753,12325
,fe1DEN1nds,LOG 2022 Conference,1,0.7381974248927039,0.7381974248927039,1,0.5,77.38321956899995,134.6717379490001,31506,5840,37346,14.320616488000041,20.117897137,64.72160796999992,57.48192585900006,2101,323,2424,5167,1065,6232,10706,2408,13114,9980,2571,12551
,fXjoyFXw3G,LOG 2022 Conference,1,0.662020905923345,0.662020905923345,1,1,151.7309980099999,193.84667113900036,21857,5183,27040,8.245715891000145,19.56250660600017,142.70471788600003,135.425808898,2019,348,2367,2885,1090,3975,8900,2693,11593,8743,2570,11313
,hZ3b8CskgC,LOG 2022 Conference,1,0.7480106100795756,0.7480106100795756,0.6,0.5,63.141141147000006,146.330001876,25058,6201,31259,16.756836356999997,39.14930096,54.531655642,46.565891737,1867,468,2335,2617,1209,3826,8758,2770,11528,8658,2621,11279
,hM5UIWqZ7d,LOG 2022 Conference,0,0.779874213836478,0.779874213836478,1,0.5,75.754074956,145.77773743199998,25536,5718,31254,12.248904190000001,25.848970102000003,66.10116693399999,61.08759649899999,2007,381,2388,2732,1011,3743,8788,2543,11331,8656,2451,11107
,kQsniwmGgF5,LOG 2022 Conference,1,0.6982248520710058,0.6982248520710058,1,0.8333333333333334,73.57432000899999,136.85901358299998,20768,5963,26731,13.679073929,21.875902188999998,62.604206631,58.304908207,1976,402,2378,2332,981,3313,9061,2752,11813,8906,2760,11666
,ha9hPpthvQ,LOG 2022 Conference,1,0.7931769722814499,0.7931769722814499,1,1,81.49053984599999,158.566430997,26436,6246,32682,18.873506573,25.308716883,70.23791553500001,57.53167919900001,2096,571,2667,3588,1174,4762,8938,2884,11822,8463,2329,10792
,kv4xUo5Pu6,LOG 2022 Conference,1,0.5675265553869498,0.5128983308042487,1,0.6666666666666666,79.095163874,149.764529552,27190,6024,33214,14.135649701000002,23.776473750999997,67.987979137,63.70327975699999,1857,684,2541,3771,1130,4901,9551,2437,11988,8894,2506,11400
,kXe4Y0c4VqT,LOG 2022 Conference,1,0.7518427518427518,0.7518427518427518,1,0.6,86.927200771,161.474125104,28779,6995,35774,11.959493453999999,29.332329791,75.615175795,64.12524525699999,2090,378,2468,3837,1245,5082,9873,3268,13141,9293,2724,12017
,lwx5gi4MIh,LOG 2022 Conference,1,1,1,1,0,49.913312491,112.681589327,21995,5046,27041,9.474153334999997,31.133788428000003,40.73404081399998,38.449445494,2211,392,2603,3542,1084,4626,9366,2137,11503,8628,2099,10727
,kvwWjYQtmw,LOG 2022 Conference,1,0.7692307692307693,0.7692307692307693,1,1,63.76448559299999,121.04077178399999,22683,5270,27953,13.117640612000002,30.582762515,54.882412587999994,47.698399763,1955,623,2578,3273,1048,4321,9511,2604,12115,8728,2417,11145
,mWzWvMxuFg1,LOG 2022 Conference,1,0.7905882352941176,0.7905882352941176,1,0.6666666666666666,62.269564255000006,118.42487737100002,21617,5312,26929,11.291653584000002,21.884241297999992,52.35263760000002,49.537316417000014,1999,287,2286,2780,1073,3853,9044,2679,11723,8765,2589,11354
,m3aVA7ykn67,LOG 2022 Conference,1,0.7631027253668763,0.7631027253668763,1,1,67.39240028799999,155.60084468600002,26562,7007,33569,11.711265779000001,31.636821947,58.607563946,50.916461251000015,2011,408,2419,3210,1301,4511,9393,2674,12067,9106,2801,11907
,n5tvDCQGloq,LOG 2022 Conference,1,0.5276595744680852,0.35460992907801414,1,1,68.65958010199999,151.16859569599998,26595,6784,33379,19.591101531999996,25.02800408600001,59.595194666,47.825312616999994,1913,895,2808,3291,1095,4386,9306,2868,12174,8763,2491,11254
,nGqJY4DODN,LOG 2022 Conference,1,0.7202380952380952,0.7202380952380952,1,1,62.72054622,128.806995938,28040,6005,34045,9.315901593000007,20.839551935000003,56.360401098,42.858262005999975,1988,321,2309,4656,1094,5750,9436,2535,11971,8559,2311,10870
,nR3rZ4ODtQ,LOG 2022 Conference,1,0.7837837837837838,0.7722007722007721,1,1,73.94767016600002,150.18563037999996,27704,6317,34021,12.754511245000003,23.373399207000006,63.52013035699997,57.53267957699998,2055,456,2511,3746,1094,4840,9424,2895,12319,8821,2647,11468
,oqf2GRYTET,LOG 2022 Conference,1,0.7941787941787942,0.7941787941787942,1,1,78.65513983700001,152.562663827,26501,6376,32877,12.961230231000002,26.469808801,70.35961332,54.27181344699997,2137,518,2655,2922,1175,4097,9250,3062,12312,9344,2442,11786
,p0sMj8oH2O,LOG 2022 Conference,1,0.7799999999999999,0.7799999999999999,1,1,61.45084130800001,140.560754759,26392,6272,32664,12.569379690999995,24.05806225799998,53.019429836,48.65867517699999,2222,566,2788,3481,1191,4672,9201,2417,11618,8852,2155,11007
,oxjVVBNrG-,LOG 2022 Conference,1,0.7681818181818182,0.7681818181818182,1,0.75,68.809151308,151.00863704,25877,6525,32402,9.927222855999986,26.368295821999993,60.112004799000005,53.048622655,2059,453,2512,3277,1135,4412,8815,2645,11460,8752,2437,11189
,qe_qOarxjg,LOG 2022 Conference,1,0.7900677200902935,0.7900677200902935,1,0.8333333333333334,72.26284510800002,145.11575119699995,27151,6637,33788,12.542928392999983,23.70971701899998,63.01620465900001,54.71448589100001,1985,584,2569,2734,1040,3774,9519,3116,12635,9563,2868,12431
,pOVaPJkP0E,LOG 2022 Conference,1,0.6419753086419754,0.6419753086419754,1,0,83.320309297,159.15094737200005,25663,6146,31809,7.776696530999999,25.40704438200001,73.071476579,61.78605785900001,1960,324,2284,3034,1115,4149,9259,2831,12090,8726,2364,11090
,sfc0rjCBqS_,LOG 2022 Conference,1,0.7183673469387755,0.7183673469387755,1,0.6666666666666666,73.41256416600004,153.97276876399994,26772,6195,32967,10.751185231999983,30.98898455599999,63.47950716599996,58.80943465199999,2041,413,2454,3381,1178,4559,9236,2511,11747,8683,2656,11339
,rGVGf1T-dK,LOG 2022 Conference,1,0.7869481765834933,0.7869481765834933,1,0.823529411764706,76.14629883199999,140.91138334300004,27810,5741,33551,11.855154178999982,22.197000376000005,63.39932958300005,53.20702098800007,2147,422,2569,3240,1081,4321,9412,2731,12143,9085,2611,11696
,qsGpFRlK0a,LOG 2022 Conference,1,0.6,0.6,1,0.9090909090909091,86.289467075,172.61029384200006,29321,6713,36034,8.721210267000004,30.029057154000014,78.956243712,65.76658406000001,2013,323,2336,3783,1080,4863,9916,3167,13083,9317,3115,12432
,uPgfvzyozVE,LOG 2022 Conference,0,0.7597254004576659,0.7597254004576659,1,0.6,75.89915315599998,144.15069095999993,27453,6320,33773,10.574070084999988,19.947828893000008,66.862018127,62.52236689299997,2067,368,2435,2874,1019,3893,9459,2961,12420,9124,2897,12021
,vEbUaN9Z2V8,LOG 2022 Conference,1,0.6923076923076923,0.6923076923076923,1,1,74.31072728900003,153.37747654799998,27820,6528,34348,7.918334729999998,25.23240594899997,68.19647379299997,58.26944605500003,2768,273,3041,3136,1029,4165,10140,3088,13228,9717,2641,12358
,wY_IYhh6pqj,LOG 2022 Conference,1,0.794816414686825,0.794816414686825,1,0.75,56.682168503000014,130.14685152200013,25342,5732,31074,13.3546968,22.587051082000016,48.22843677100002,42.992798306000054,2097,521,2618,3063,1026,4089,9084,2417,11501,9012,2136,11148
,tbqtGejMJW,LOG 2022 Conference,1,0.8028846153846153,0.8028846153846153,0,0.6666666666666666,140.522365195,210.05389178800002,25770,6158,31928,10.37573442499999,24.407151717999994,131.24758535499998,71.231075178,1997,465,2462,3176,1041,4217,9022,2617,11639,8615,2492,11107
,-8mexJCWH_-,MIDL 2023 Conference,1,0.8960573476702509,0.8960573476702509,1,1,72.63203998300003,125.96283886199996,23337,5519,28856,8.870909375999986,21.263815905,63.11515112099994,59.74010486199995,2080,425,2505,2688,1068,3756,10369,2729,13098,10020,2655,12675
,-ahfrpMo9ui,MIDL 2023 Conference,0,0.556745182012848,0.5481798715203425,0.25,0,70.12049363899996,136.41246047799996,23109,6035,29144,15.196831271999997,21.219514557999958,63.05800481599999,54.48467779599997,2286,759,3045,2982,975,3957,9214,3065,12279,8977,2804,11781
,1CyXExO15K,MIDL 2023 Conference,0,0.8584686774941995,0.8584686774941995,1,1,68.63166177699998,116.01719852700006,22754,5349,28103,9.153710286999967,25.206481479000047,59.94748070200001,52.58444141199999,2072,413,2485,2932,1152,4084,9286,2667,11953,9008,2591,11599
,2XVITHcQCfj,MIDL 2023 Conference,1,0.8509803921568627,0.8509803921568627,1,0.6666666666666666,66.02534257900004,127.22895599000003,21881,5482,27363,8.955133869999997,22.354914705999988,59.31346590800001,56.224281244,2075,408,2483,2522,948,3470,9221,2773,11994,9133,2568,11701
,2Aoi0VKPOWT,MIDL 2023 Conference,1,0.8010335917312661,0.8010335917312661,0.5,0.6666666666666666,97.13944097400002,184.00763697799988,26808,6569,33377,19.14937236199995,28.22774570300004,86.98782519399992,81.09453662399994,2144,401,2545,2420,1094,3514,9294,3219,12513,9259,2940,12199
,2cgTLIy1Zx,MIDL 2023 Conference,1,0.8571428571428571,0.8571428571428571,0.8,0,61.73164481600003,127.67031499199999,20277,5088,25365,9.290258176999998,28.640485593999983,54.39690862499998,50.49860040300001,2162,432,2594,2368,1052,3420,8829,2195,11024,8634,2182,10816
,3QnxUSzR7iu,MIDL 2023 Conference,1,0.6739606126914661,0.6695842450765864,1,0.7777777777777778,64.418864117,112.04693496700014,21939,5022,26961,12.147048686000005,23.880295286000035,54.11340849300001,45.51602890600003,2148,459,2607,2582,974,3556,9452,2363,11815,9037,2560,11597
,3_qtVh7gTyy,MIDL 2023 Conference,1,0.775,0.775,1,0,75.37107159699997,156.706266878,22557,5738,28295,9.739430822999964,47.11917455699995,67.43287614900004,59.00545465900001,1988,445,2433,2545,1012,3557,9789,2821,12610,9488,2875,12363
,4LqtcKZoKeB,MIDL 2023 Conference,1,0.8618784530386739,0.8618784530386739,0.3333333333333333,0.5,68.86913481800002,123.3092019880001,20738,5238,25976,11.713156424000033,26.265928853000048,60.90737779400001,47.26605584800001,2056,522,2578,2529,962,3491,8566,2394,10960,8194,2569,10763
,6Wbj3QCo4U4,MIDL 2023 Conference,1,0.8366336633663366,0.8366336633663366,1,1,71.21013051,133.32033802300003,22709,5883,28592,9.188417889999982,29.974945337999998,62.56868400900004,55.39317259500001,2127,432,2559,2367,1114,3481,9819,3020,12839,9672,2896,12568
,5iSBMWm3ln,MIDL 2023 Conference,1,0.8202247191011236,0.8202247191011236,1,0.8571428571428571,77.31141382600003,140.549804549,21807,5491,27298,14.721912784999972,24.063925767,67.10116049800001,62.42459505100004,2056,427,2483,2307,952,3259,8964,3014,11978,8965,2852,11817
,80ZHtBKHKHo,MIDL 2023 Conference,1,0.8704663212435233,0.8704663212435233,1,0,68.60831854899999,118.75042442399996,24231,5264,29495,10.924082064000004,20.603696300999957,59.20795837099996,53.390615572,2109,371,2480,3042,984,4026,10472,2730,13202,10164,2657,12821
,9mPSPWo5tzu,MIDL 2023 Conference,1,0.7845804988662132,0.7845804988662132,1,0.8571428571428571,89.47836996099994,168.98219606799995,33137,7675,40812,9.028079547000004,29.000415628999974,64.99280387399995,62.416246789999946,2143,429,2572,3282,1002,4284,10008,3239,13247,9486,3229,12715
,8ojx-Ld3yjR,MIDL 2023 Conference,1,0.8403361344537815,0.8403361344537815,1,0,104.13272382699995,164.4637738149999,21683,5545,27228,9.791540044999977,27.089974917000006,95.27290017999991,89.17223994700004,2343,474,2817,2610,1022,3632,9410,2621,12031,9193,2369,11562
,A0MyiAwE_E4,MIDL 2023 Conference,1,0.8803418803418803,0.8803418803418803,0.8,1,59.481574576000014,125.7489273669998,26319,5810,32129,9.800762776,23.421086293999963,51.051213307999944,46.24109030899996,1997,378,2375,2878,991,3869,9764,2700,12464,9581,2405,11986
,8o83y0_YtE,MIDL 2023 Conference,1,0.7530562347188264,0.7530562347188264,0.5,0,121.83696136099996,242.76686596699994,28812,6499,35311,10.147366167999962,116.73616961599998,69.28382157100003,63.71457361300003,2114,378,2492,3549,990,4539,10446,3073,13519,9753,2864,12617
,9yTSJIb5t_Z,MIDL 2023 Conference,1,0.8735083532219571,0.8735083532219571,0.6666666666666666,0.8333333333333334,67.38872268800003,136.67877825300013,25692,5911,31603,10.030038809000018,21.29546994499998,60.42350964600007,53.37907345600013,2175,435,2610,2702,1020,3722,9434,2697,12131,9294,2391,11685
,Ae1KAltzEd,MIDL 2023 Conference,1,0.8647342995169081,0.8647342995169081,1,1,71.514731272,117.38089742499994,22036,5208,27244,9.874805788000003,21.936973343000034,61.655333966,52.92228341799995,2124,374,2498,2793,1076,3869,9049,2801,11850,9031,2366,11397
,Ao0D2HMB8P,MIDL 2023 Conference,1,0.5714285714285715,0.5714285714285715,1,0.75,63.58564099900002,114.9307267690001,21753,5316,27069,8.401057809000008,25.854556085000013,54.12454469000011,51.223551885999996,2211,393,2604,2585,1137,3722,9016,2652,11668,8791,2588,11379
,BF4NpwMuei,MIDL 2023 Conference,1,0.8401084010840109,0.8401084010840109,1,1,77.33840042300005,147.28815456300003,25879,6035,31914,6.3755410260000644,25.135603498000023,68.30519793500002,64.020525443,1974,276,2250,2544,965,3509,8997,2904,11901,8895,2682,11577
,DrZbwobH_zo,MIDL 2023 Conference,1,0.895910780669145,0.895910780669145,1,1,69.17208159900008,123.00170985500029,22531,5450,27981,11.598459965000075,21.835508781000044,59.3079788660001,51.9045976220001,2218,587,2805,2496,978,3474,9479,2637,12116,9236,2800,12036
,C6EJi0SS7j,MIDL 2023 Conference,0,0.7976878612716763,0.7976878612716763,0.75,1,76.79001875200004,144.77012310600003,22947,6148,29095,11.764806236000027,28.259299552000016,69.40322054299997,64.973239842,2106,494,2600,2951,1089,4040,9637,2967,12604,9139,3009,12148
,Ed-9HCu7l2r,MIDL 2023 Conference,1,0.8952380952380952,0.8952380952380952,1,0.4000000000000001,70.566088433,130.41617312099993,24105,5657,29762,12.52518222499998,30.504220139999916,62.281019517000004,51.392019430999994,2308,529,2837,3184,1194,4378,10157,2610,12767,9449,2703,12152
,DA1hOTvcMWa,MIDL 2023 Conference,1,0.8968253968253969,0.8968253968253969,1,0.4000000000000001,97.17614597,180.5921819319998,21834,5492,27326,69.03422922699997,24.198449714999924,55.999635962999946,53.72944461099996,2309,539,2848,2283,1018,3301,9287,2672,11959,9169,2691,11860
,EoEWcHFHJ1W,MIDL 2023 Conference,1,0.7864077669902912,0.7766990291262135,0.6666666666666666,1,71.39692255500006,131.52423208900007,24466,5525,29991,10.831959644999984,22.79094154800009,63.354245469000034,56.353912079,1983,443,2426,3332,998,4330,9992,2916,12908,9636,2814,12450
,HR1GtDQnuw,MIDL 2023 Conference,0,0.8620689655172413,0.8620689655172413,1,0.6666666666666666,59.846167985999955,114.841263443,22556,5357,27913,12.137217933999978,27.639978344000042,51.42231027699995,48.573394485999984,2229,407,2636,2423,1066,3489,9737,2804,12541,9800,2573,12373
,HzpdwXFc_Q,MIDL 2023 Conference,0,0.7803278688524591,0.7475409836065574,0.6666666666666666,0,63.630099191,116.64045050699997,20486,5339,25825,7.512908807000031,25.04123887100002,54.30291770699989,48.59098109099989,2054,326,2380,2322,1053,3375,8504,2707,11211,8432,2472,10904
,J0VD-I2IOOg,MIDL 2023 Conference,1,0.8272251308900522,0.8272251308900522,0.8,0,67.98649447100001,124.81175851499995,21179,5834,27013,9.559236148999958,23.458097632999966,60.019763761000036,51.359646218999956,2174,438,2612,2333,1062,3395,8864,2938,11802,8794,2648,11442
,J4JWTCq14u,MIDL 2023 Conference,1,0.8502673796791445,0.8502673796791445,1,0.25,72.40778641100007,136.68556423999985,28506,6289,34795,10.251963928999999,23.34136901399995,59.16754283299997,49.785722845999885,2138,452,2590,3347,1161,4508,10946,2704,13650,10243,2725,12968
,JZBNeVLAqp,MIDL 2023 Conference,1,0.8188976377952757,0.8188976377952757,1,0.5,105.60582504499996,200.22730936900007,36293,8093,44386,8.84884338500001,32.11108813399994,74.0465332340001,63.32987992400001,2122,381,2503,3002,1106,4108,9876,3146,13022,9608,2903,12511
,LoJG-lUIlk,MIDL 2023 Conference,1,0.8571428571428571,0.8571428571428571,0.6666666666666666,0.8333333333333334,101.36539892200005,117.429536117,19800,4530,24330,13.527142925000021,21.66693309799996,56.90436850399999,54.51192599500007,2045,380,2425,2180,836,3016,8477,2273,10750,8311,2225,10536
,Jdw-cm2jG9,MIDL 2023 Conference,1,0.8545454545454546,0.8545454545454546,0.8,1,148.65150935200006,117.90391303599995,22056,5367,27423,11.161073810999937,23.386720660000037,60.25178860300002,52.060320682,2144,554,2698,2400,1094,3494,9086,2995,12081,9008,2645,11653
,L-N1uAxfQk1,MIDL 2023 Conference,1,0.8590909090909091,0.85,0.75,0.75,140.1946332629999,117.46952604700004,21108,5023,26131,13.641216650000047,19.744144867000045,54.80686804200002,49.04308653999999,2036,339,2375,2281,959,3240,9336,2419,11755,9187,2442,11629
,KolMbwNBNGv,MIDL 2023 Conference,1,0.7329842931937173,0.7225130890052356,1,0.75,153.84491772499996,131.36797981200004,22699,5801,28500,11.523259808000034,25.108093002000032,66.82965872599993,62.231509806000076,2099,489,2588,2604,1061,3665,9509,2844,12353,9153,3000,12153
,MIHF_buWGUQ,MIDL 2023 Conference,1,0.8863636363636364,0.8863636363636364,1,0,150.53671503300006,118.032767648,21900,5636,27536,12.345508693999932,20.714693796000006,60.48480949300006,56.407926573000054,2092,505,2597,2239,870,3109,8926,3124,12050,9002,2899,11901
,MR01DcGST9,MIDL 2023 Conference,1,0.7719999999999999,0.7719999999999999,1,0.5454545454545454,108.53524555000001,126.99318596100011,21397,5842,27239,14.543457971000066,23.754951957000003,60.066424346000076,52.18995647100007,2150,494,2644,2433,1041,3474,8861,3016,11877,8702,2599,11301
,NXPLq6w___,MIDL 2023 Conference,0,0.8416289592760181,0.8416289592760181,1,0.75,70.24151978600003,125.5238503139999,22205,5334,27539,11.623687015999963,25.022420323000006,61.42594813199992,56.51714175199993,1984,410,2394,2940,1163,4103,8995,2681,11676,8509,2680,11189
,O-uZr5S1tJE,MIDL 2023 Conference,1,0.8350515463917526,0.8350515463917526,1,1,54.33841304000009,112.62838842099995,21188,4920,26108,8.430329776999997,28.416243186999964,47.43760846300006,43.99276798999995,2102,391,2493,2663,1041,3704,9179,2265,11444,9013,2250,11263
,Oji7tGC4oI,MIDL 2023 Conference,1,0.5349397590361447,0.5301204819277108,0.6,0.75,62.371786942000085,124.34949678099997,21773,5384,27157,24.261744399999998,22.04850779000003,52.454010165,48.84260740499985,2135,614,2749,2360,994,3354,9326,2627,11953,9098,2531,11629
,O2DerS5oQ1,MIDL 2023 Conference,1,0.8798076923076923,0.8798076923076923,1,1,75.45881251399999,135.6979516040002,22958,6342,29300,8.068317302999958,24.029021002000036,67.23597757800007,59.998866636000116,2091,357,2448,2590,1100,3690,9816,3183,12999,9492,3133,12625
,OpmQOkfizzM,MIDL 2023 Conference,1,0.861904761904762,0.861904761904762,1,1,74.72324475199991,129.62059536699985,23663,6074,29737,12.192774486999951,23.165641574999995,65.190053465,58.233375931999944,2207,570,2777,2752,1098,3850,9807,3076,12883,9676,2960,12636
,PD0ASSmvlE,MIDL 2023 Conference,1,0.8663967611336032,0.8623481781376519,0.8,1,69.02268076600001,139.51860024299992,21426,5636,27062,10.71236515999999,29.383372890000032,61.49027292099993,51.1324524769999,2233,519,2752,2432,981,3413,9340,2842,12182,9271,2392,11663
,P3tSZhxBwJw,MIDL 2023 Conference,1,0.8662131519274376,0.8662131519274376,1,1,77.63839656999994,142.17963809200023,26090,6196,32286,8.603444626000055,22.47519912100006,65.22444756100003,57.349847135999994,2089,399,2488,2701,1008,3709,9017,2964,11981,8798,2634,11432
,PEWigppmw3b,MIDL 2023 Conference,1,0.868824531516184,0.8654173764906303,1,1,68.67523790400003,133.17746131900003,21755,5445,27200,11.154861377999964,26.331932624999922,61.672496049000074,58.44685306500014,2027,482,2509,2655,971,3626,8928,2695,11623,8707,2732,11439
,PX-jt92kQUM,MIDL 2023 Conference,1,0.8282828282828283,0.8232323232323233,1,0,61.68127892899997,115.05416659000014,24748,5348,30096,8.829462596000099,21.93974991899995,52.01311254500001,47.51908590400001,2106,411,2517,2633,1013,3646,8764,2451,11215,8696,2303,10999
,Pd4_U5ZzEY,MIDL 2023 Conference,1,0.8810408921933086,0.8810408921933086,0.75,1,65.90910606799991,129.2503522679998,21961,5322,27283,9.226434856999958,32.04873229799989,56.23558401899993,50.05947748899996,2149,386,2535,2423,997,3420,9557,2621,12178,9458,2458,11916
,PzzhiSNnyF8,MIDL 2023 Conference,1,0.8391608391608392,0.8391608391608392,1,0.888888888888889,70.16914410600009,125.90899091300014,21387,5792,27179,9.834291522999933,23.88808760200004,60.501287744000024,57.851966977000075,1908,457,2365,2598,1123,3721,8817,2771,11588,8646,2720,11366
,QXjGotk45lb,MIDL 2023 Conference,1,0.8724489795918368,0.8724489795918368,0.6666666666666666,0.6666666666666666,68.82980829099995,120.79271757899994,21302,5730,27032,7.99610308299998,19.869402380999986,60.448709269000005,52.994030340999984,2050,346,2396,2236,1060,3296,8923,3112,12035,8954,2661,11615
,Pj9vtDIzSCE,MIDL 2023 Conference,1,0.8794063079777366,0.8719851576994433,0.75,0.25,77.98725131100002,125.44374262699989,23362,5762,29124,10.941000043000031,23.55765356400002,70.11534306899989,58.6721694119999,2033,450,2483,2658,1173,3831,9766,3028,12794,9252,2883,12135
,RyV4J_PjNv,MIDL 2023 Conference,1,0.7073170731707317,0.7073170731707317,1,0,54.44081998900003,107.61909452099985,19907,4937,24844,9.86472649999996,24.907866042000023,46.479004836999934,40.82460088699986,2030,351,2381,2337,1046,3383,8404,2351,10755,8414,2151,10565
,RU7fr0-M8N,MIDL 2023 Conference,1,0.8318042813455658,0.8318042813455658,1,1,69.74158882200004,122.70082845000013,21513,5387,26900,10.614725694000072,23.700565167000036,61.90854085199999,53.00042875400004,2141,434,2575,2568,990,3558,9107,2860,11967,8933,2439,11372
,S9EfOVFJIxQh,MIDL 2023 Conference,1,0.8819599109131403,0.8775055679287306,1,0.75,72.00381990900007,124.45621568900003,23645,5769,29414,9.501933648999966,21.54105721499991,65.49085696700013,60.24785756500023,2184,417,2601,2408,1052,3460,10179,3099,13278,10109,3071,13180
,TcUtCXRcK8,MIDL 2023 Conference,0,0.8201438848920863,0.8201438848920863,0.6666666666666666,1,67.83211820199995,120.08224268699985,21884,5616,27500,10.714899651999986,21.856795297999952,58.13630695299992,53.917969425000024,2070,465,2535,2634,1118,3752,9147,2781,11928,8893,2771,11664
,TelM2TBYgoA,MIDL 2023 Conference,1,0.8625,0.8625,1,0,78.05455384599998,149.07665260600015,29167,6666,35833,11.720332246999988,24.458612825999808,65.19058465900025,61.121451047000164,2231,587,2818,3846,1098,4944,10276,3104,13380,9156,2815,11971
,UAr59yTUWR2,MIDL 2023 Conference,1,0.7634194831013915,0.7475149105367793,1,1,76.65939030000015,127.91051892699988,21804,5429,27233,10.921345389999942,21.71022678600002,67.76660019199994,65.5921586479999,2258,540,2798,2286,999,3285,9172,2818,11990,8984,2626,11610
,UQDalTzrEg,MIDL 2023 Conference,1,0.7935943060498221,0.786476868327402,0.5,0,74.67529988800015,136.84575228200015,21954,5792,27746,8.741360007999901,31.892545330000075,66.4582767930001,55.52511478800011,2162,390,2552,2739,1129,3868,8907,2963,11870,8843,2572,11415
,Umyz5JHIXpD,MIDL 2023 Conference,1,0.9049429657794676,0.9049429657794676,0.75,1,77.65999333299999,133.6642411419998,23431,5783,29214,8.606789258999925,22.106746935999922,70.45415810399993,62.54595956799983,2085,413,2498,2898,1098,3996,9357,3128,12485,9130,3131,12261
,Us31horKNLG,MIDL 2023 Conference,1,0.8451443569553806,0.8451443569553806,1,0.5714285714285715,87.14148764599986,141.39659351600017,23755,6213,29968,7.510100039000008,20.836886438999954,76.31575100200007,57.831767249999984,2157,327,2484,2558,1074,3632,10499,3350,13849,10434,2834,13268
,W9qI8DwoUFF,MIDL 2023 Conference,1,0.8352272727272727,0.8352272727272727,0.75,1,64.95381322000003,126.6758760710004,19046,5232,24278,7.642673684000101,23.204711374999988,57.40201557199998,51.288755890000175,1979,317,2296,2309,1057,3366,8122,2392,10514,8025,2178,10203
,V5vvti2Y9PA,MIDL 2023 Conference,1,0.8184615384615385,0.8184615384615385,1,0.75,84.41873656500002,145.62659325699974,23193,6510,29703,7.903953609999917,24.64239261900002,77.30332624199991,67.86942553099993,2181,359,2540,2618,957,3575,9293,3638,12931,9206,3297,12503
,X_AJqHfE1H,MIDL 2023 Conference,1,0.78125,0.765625,1,0.75,66.8136504019999,125.04955676000009,21525,5403,26928,11.815162979999968,27.57862672600004,59.52607140700002,56.065640556999824,2070,493,2563,2463,1055,3518,8952,2675,11627,8696,2720,11416
,WHS3Zv9pxz,MIDL 2023 Conference,1,0.529032258064516,0.5225806451612903,1,0.28571428571428575,75.80238539100014,125.37915619800037,23433,5467,28900,8.499482473000171,21.629410261999965,63.70592181100028,57.65739344900021,2138,312,2450,2300,960,3260,10944,2978,13922,10715,2715,13430
,WjrcYNTPunQ,MIDL 2023 Conference,1,0.5508196721311475,0.5508196721311475,0.6666666666666666,0,78.38477439200005,134.79722254499984,22729,5868,28597,9.704245628999843,24.639141075999987,69.87062876899995,63.96358999499989,2025,433,2458,2321,975,3296,9405,3347,12752,9311,2970,12281
,Xs_Hd23_PP,MIDL 2023 Conference,1,0.8798283261802575,0.8798283261802575,0.5,0.8888888888888888,72.434496523,132.62932998600013,22639,5912,28551,12.34966988300016,22.153035202999945,61.88721097200005,54.99282786200001,2238,590,2828,2497,1050,3547,9625,2971,12596,9709,2691,12400
,_c9r6-HCEaN,MIDL 2023 Conference,1,0.8333333333333333,0.8333333333333333,1,1,78.797479888,134.53835630000003,22562,6065,28627,8.143262326000013,23.222860528000183,69.55550911899991,60.15726368499986,2115,368,2483,2762,1181,3943,9148,3116,12264,9372,2784,12156
,aHuwlUu_QR,MIDL 2023 Conference,1,0.5621890547263682,0.5572139303482587,1,1,81.32772718599995,159.1942091579997,27895,7142,35037,17.373535319999974,20.699682152999912,73.45736881299968,63.204125277999765,2067,611,2678,2738,966,3704,9553,3553,13106,9318,3155,12473
,d7J0IiMqcZd,MIDL 2023 Conference,1,0.8695652173913044,0.8657844990548205,0.6666666666666666,1,68.56240611399994,135.62372328899983,27924,5785,33709,11.053410167000038,27.655914110999902,55.03613823099977,53.02956871099991,2265,512,2777,3717,1077,4794,9398,2600,11998,8930,2621,11551
,aZ0OuYMSMMZ,MIDL 2023 Conference,1,0.8556701030927836,0.8556701030927836,1,1,78.72664396000005,138.97366076199978,23364,6177,29541,16.09994606800001,25.6883380889999,70.00651497999979,66.41769081899997,2257,772,3029,2759,1217,3976,9461,2925,12386,9177,3107,12284
,ci2Fg31H0T,MIDL 2023 Conference,1,0.8339350180505415,0.8303249097472923,1,0.25,78.53291263300002,126.08100060099991,22366,5246,27612,11.027866613000015,20.598239811999974,69.91234972899997,58.049608589999934,2172,493,2665,2108,968,3076,9753,2812,12565,9770,2708,12478
,diXhe9kUnQ,MIDL 2023 Conference,1,0.8383561643835616,0.8383561643835616,0.6666666666666666,0.75,74.63437157099997,160.45932869299986,23820,5935,29755,15.86662811500014,25.427863963999926,63.64678035099996,47.848451668999815,2160,432,2592,2445,975,3420,9168,2612,11780,9092,2031,11123
,e9qGhrfP1v,MIDL 2023 Conference,1,0.8549222797927462,0.8549222797927462,1,0,57.408710646000145,111.25619851800025,20648,5427,26075,8.966463234000003,23.16168774100015,49.41010001200016,45.006230552000034,2133,396,2529,2308,1016,3324,8817,2616,11433,8715,2394,11109
,i5khDI1te1M,MIDL 2023 Conference,1,0.8844444444444446,0.8844444444444446,0.6666666666666666,0.6666666666666666,66.60754088199997,126.33832256000005,22370,5927,28297,11.99688095900001,24.863419085000032,58.819129286000134,51.51578884300011,2127,534,2661,2633,1194,3827,9237,3071,12308,8986,2646,11632
,iA0XwM0IU08,MIDL 2023 Conference,1,0.8637059724349158,0.8637059724349158,1,0.888888888888889,67.92041461599979,122.6016802050001,21456,4969,26425,13.084454526999934,21.091073220999988,55.08358328700001,44.87204794200011,2127,507,2634,2892,969,3861,8968,2296,11264,8524,2198,10722
,eF_6td_piu-,MIDL 2023 Conference,1,0.8756567425569176,0.8756567425569176,1,0.6666666666666666,75.22739019400001,141.8876212170003,25109,6179,31288,12.906678402000125,20.944923867999933,67.42688607900004,56.54646292000007,2252,650,2902,2544,1034,3578,9101,2629,11730,8985,2320,11305
,gaMVPWvzF1d,MIDL 2023 Conference,1,0.8741418764302059,0.8741418764302059,1,1,75.77914424000005,131.8595520729998,22994,5793,28787,9.91608440799996,21.39967790699984,66.94639355300001,63.6772711189999,2076,476,2552,2361,1054,3415,10030,3034,13064,9823,3033,12856
,ivC7VP2mof,MIDL 2023 Conference,1,0.8249258160237388,0.8249258160237388,1,0.8333333333333334,80.92168890099992,151.45415994099994,23408,5989,29397,24.92239355400011,24.133812862000013,69.18563331999985,63.894017201,2090,464,2554,2887,1241,4128,9763,2950,12713,9381,2956,12337
,j6GZ2IEia_E,MIDL 2023 Conference,1,0.8510638297872339,0.8477905073649754,0.75,0.8333333333333334,68.70484447400008,131.71383385900026,22930,5938,28868,15.019458690999954,23.926408162999905,61.75553851000018,57.782067978000214,2255,618,2873,2258,1028,3286,9984,2994,12978,9821,2874,12695
,jkSC4UHHVzy,MIDL 2023 Conference,0,0.8629441624365483,0.8629441624365483,1,0.823529411764706,69.15551856299999,139.52589069199985,26625,5082,31707,10.36056601600012,23.169136734999938,60.02560239899981,36.75052171900006,2138,505,2643,4018,1144,5162,9465,1974,11439,8398,2137,10535
,l17YFzXLP53,MIDL 2023 Conference,1,0.759753593429158,0.7515400410677617,1,1,61.7323974960002,123.94046487700007,20327,5142,25469,13.651337044999991,20.449363289000075,54.27854540999988,50.29949683400014,2066,513,2579,2643,949,3592,8477,2238,10715,8204,2225,10429
,jt-ochRhqG,MIDL 2023 Conference,1,0.8198529411764706,0.8198529411764706,0.8333333333333334,1,72.8181256549999,141.36729014099978,22868,6008,28876,11.221783389999928,28.728303775999848,66.72017725499995,61.04071285700002,2259,564,2823,2408,1190,3598,9516,3097,12613,9701,2723,12424
,k8K2zEiv_m,MIDL 2023 Conference,1,0.8565022421524663,0.8565022421524663,0.8,0.8333333333333334,97.39760570599992,187.05030246600018,32733,7077,39810,9.374461957999983,22.237262014999942,72.11668146400007,66.70089483399988,2103,457,2560,3485,1079,4564,9992,2902,12894,9605,2816,12421
,l4LDtGb8zL,MIDL 2023 Conference,0,0.879245283018868,0.879245283018868,0.8333333333333334,0.6,69.37250352499996,119.3996458319998,21801,5229,27030,10.632484241999919,21.912507130999984,62.08473115900006,55.225234552000074,2267,490,2757,2599,975,3574,8935,2467,11402,8674,2665,11339
,leVAXRDthXI,MIDL 2023 Conference,1,0.8747152619589977,0.8747152619589977,1,0.6666666666666666,74.85252040099999,167.53309199399973,26217,5964,32181,11.80317036700012,38.56614798099986,65.77466495399995,54.018729296999936,2107,498,2605,3175,1121,4296,9252,2512,11764,8866,2415,11281
,lri_iAbpn_r,MIDL 2023 Conference,0,0.8542199488491048,0.8542199488491048,0.16666666666666666,1,75.90742840300004,132.72478220999983,21938,5706,27644,9.218398897000043,27.809308482000006,67.78209879499991,59.51930348199994,2155,437,2592,2223,1055,3278,9390,3033,12423,9433,2664,12097
,m-f1SNDhde,MIDL 2023 Conference,1,0.8577981651376148,0.8577981651376148,1,0,75.40557059499997,138.47761142100012,24477,6278,30755,15.472356675000128,24.10202871299998,65.28355618499995,57.66174630299997,2322,729,3051,3403,1010,4413,9726,3115,12841,9145,3008,12153
,mTIP1bkmR0q,MIDL 2023 Conference,1,0.8454011741682975,0.8454011741682975,1,1,72.36905048799986,150.06349130000012,26543,6813,33356,10.123960664999913,23.226530749000176,64.34110075100011,56.27745416100015,2037,449,2486,2504,1109,3613,10427,2845,13272,10364,2553,12917
,mUPIsk20oGt,MIDL 2023 Conference,1,0.8113695090439276,0.8113695090439276,1,1,68.39629721899996,140.3566924119998,25942,6492,32434,7.611365307999904,24.966885247000164,62.71102876799978,49.043790427999966,2054,341,2395,2732,1067,3799,8923,3196,12119,8924,2573,11497
,n9v_BuIcY7G,MIDL 2023 Conference,1,0.6075949367088608,0.6012658227848101,1,0.6666666666666666,56.44765759300003,119.78718269499996,23420,5146,28566,7.023654823000015,20.739707228000043,48.494886926999925,37.621345511999834,2015,310,2325,2768,1022,3790,8619,2251,10870,8584,1830,10414
,nG87JqzSMc,MIDL 2023 Conference,1,0.7908496732026145,0.7908496732026145,1,1,79.7202553279999,160.92596412599983,29903,7094,36997,10.163637346000087,29.298496341999908,58.53841283599991,48.34734054799992,2242,474,2716,3218,1143,4361,8830,2835,11665,8585,2419,11004
,neXqIGpO-tn,MIDL 2023 Conference,1,0.8437499999999999,0.8437499999999999,0.25,0.8000000000000002,71.03494833599984,131.97275132599975,22070,5816,27886,8.814591311999948,25.145172758999934,61.680244335,56.810120449999886,2082,416,2498,2418,1089,3507,9664,2928,12592,9447,2706,12153
,oRA8BPiduI,MIDL 2023 Conference,1,0.8651162790697674,0.8651162790697674,1,1,70.83252523299984,126.34583187900012,22245,5180,27425,9.37012682999989,23.164452228000073,61.04748874899997,56.732821606000016,2046,376,2422,3086,1031,4117,9466,2491,11957,8709,2441,11150
,nmZRTaZZv5Z,MIDL 2023 Conference,1,0.8482328482328482,0.8482328482328482,1,0.75,77.75025575900008,148.96381479699994,22188,5970,28158,11.705646674000036,29.07324143300002,70.08031262600002,64.76549090599997,2123,484,2607,2500,1022,3522,9312,2980,12292,9116,2930,12046
,oi5psB9R_l,MIDL 2023 Conference,1,0.8578680203045684,0.852791878172589,1,0.6666666666666666,69.51211304200001,129.58817679699973,22915,5517,28432,9.294306174999974,30.545574019000014,61.86436073999994,57.6024265799997,2050,429,2479,3010,1121,4131,9622,2750,12372,9182,2706,11888
,oqPQke7xz2,MIDL 2023 Conference,1,0.8608923884514436,0.8608923884514436,0.8333333333333334,0.6666666666666666,85.52511301999994,148.91494378999982,21883,5793,27676,11.620732395000005,29.22798512600002,77.95561584999996,67.10054604099992,1949,453,2402,2490,995,3485,9193,3100,12293,8976,2810,11786
,pP3p0rmeyRb,MIDL 2023 Conference,1,0.6536964980544747,0.6536964980544747,1,0.8000000000000002,65.77912469700004,162.26805145100047,22878,5861,28739,39.19342336600016,36.19682791200012,57.460852480000085,54.258348264000006,2351,535,2886,2620,1282,3902,9310,2815,12125,9127,2678,11805
,pp2raGSU3Wx,MIDL 2023 Conference,1,0.836104513064133,0.836104513064133,0.8,1,66.98862335500007,122.23295702599967,22046,6185,28231,12.346635582999852,24.499030003999906,58.947753508999995,50.16781757099989,2199,620,2819,2292,1104,3396,9435,3191,12626,9394,2741,12135
,rXVtHHFLRIz,MIDL 2023 Conference,1,0.8081841432225063,0.7979539641943734,0.2,0.9230769230769231,69.257282906,158.9148428069998,26818,6228,33046,33.77205512799992,26.734323755999867,61.08074821200012,55.6961964489999,2177,640,2817,3034,1115,4149,9013,2848,11861,9124,2543,11667
,sp-X1rXn8_,MIDL 2023 Conference,1,0.8730434782608696,0.8730434782608696,1,1,88.11785298099994,149.30633703800004,24396,6176,30572,13.33089949400005,21.57299436800008,79.200939178,58.940339499999936,2315,609,2924,2793,999,3792,10153,3293,13446,9967,3052,13019
,u0MHV19E2n,MIDL 2023 Conference,1,0.7630057803468209,0.7630057803468209,1,1,71.02685642000006,132.17695664500002,21430,5973,27403,9.072715684000059,21.23771711900008,62.57484535699996,58.554582982000056,2077,404,2481,2525,1023,3548,8807,3045,11852,8615,2781,11396
,ruaXPgZCk6i,MIDL 2023 Conference,1,0.835030549898167,0.835030549898167,1,0.6666666666666666,110.09408656999994,195.8440306519999,32615,7260,39875,11.345031185999915,28.47425994399987,84.66886902700003,60.40515835800011,2227,503,2730,2747,1080,3827,9645,3264,12909,10266,2472,12738
,uPRFWdz03_,MIDL 2023 Conference,1,0.8546511627906977,0.8546511627906977,1,0.8000000000000002,71.92320523700005,133.86702325400006,23498,5488,28986,9.709867787999883,25.258594951000077,64.01332612200008,56.97462557099993,2156,402,2558,3376,722,4098,9371,2897,12268,9265,2877,12142
,uZ1SVZgEJ02,MIDL 2023 Conference,1,0.8733031674208145,0.8733031674208145,1,1,61.96446719300002,143.30657032600016,26741,6567,33308,11.13340666199997,23.28066739299993,53.46678755700009,46.7980673200002,2194,485,2679,2733,1071,3804,10753,2809,13562,10474,2467,12941
,uZl3yA2dBt,MIDL 2023 Conference,1,0.9075630252100841,0.9075630252100841,0.3333333333333333,0.9047619047619048,107.09963609400006,175.169820932,24728,6482,31210,17.58723097899997,26.78773493699987,95.49994554400018,92.687819902,2261,939,3200,3323,1154,4477,10505,2852,13357,9571,2948,12519
,wiN5LQThnIV,MIDL 2023 Conference,1,0.825,0.825,1,0,64.81274227300014,119.30263681299994,21234,5646,26880,9.903851889999942,24.281956543999968,55.826823341000136,53.27427211100007,2039,479,2518,2397,1247,3644,9160,2695,11855,8982,2516,11498
,us8BFTsWOq,MIDL 2023 Conference,1,0.8495575221238939,0.8495575221238939,0.2,0,69.3422270640001,129.08123821200047,22597,5966,28563,14.00544406400013,24.000072500000215,61.01241217100005,51.62154242800011,2277,725,3002,3036,1049,4085,8981,2962,11943,8717,2552,11269
,xcMTcyk2v69,MIDL 2023 Conference,1,0.9023437500000001,0.9023437500000001,0.8571428571428571,0.28571428571428575,72.0962869980001,145.21568678500012,26658,6650,33308,9.330770599000061,20.938229842000055,66.06922258200007,54.74546529500003,2141,449,2590,2697,1061,3758,9328,3266,12594,9054,2768,11822
,xY3agyj5Eq,MIDL 2023 Conference,1,0.837465564738292,0.837465564738292,1,0,81.705824205,131.93096719900018,23166,5729,28895,9.361474760999954,20.71678242400003,74.24711875000003,69.49603201299988,2148,370,2518,2347,1046,3393,9933,3052,12985,9694,3122,12816
,x4McMBwVyi,MIDL 2023 Conference,1,0.8438228438228438,0.8438228438228438,1,1,114.37575415900005,195.01994177100005,26094,5802,31896,9.787821076,33.70497425199983,105.25836725999989,52.34950762800008,2132,461,2593,3047,1028,4075,9066,2553,11619,8979,2488,11467
,zyiJi4sJ7dZ,MIDL 2023 Conference,1,0.7415730337078651,0.7415730337078651,1,1,57.966332833999786,108.32211853199942,20439,5046,25485,9.127092129999937,19.735687126999892,50.673135171999775,47.55559882599982,2185,363,2548,2220,936,3156,8722,2442,11164,8559,2509,11068
,xkmhsBITaCw,MIDL 2023 Conference,1,0.7586206896551724,0.7536945812807881,0.6,0.4444444444444445,70.044572754,121.82578121099982,23022,5266,28288,10.28681229499989,25.196394328999986,61.43730055600008,50.15952726400019,2099,376,2475,3091,1029,4120,9658,2722,12380,9182,2514,11696
,zhpP7zluLBk,MIDL 2023 Conference,1,0.8551068883610452,0.8551068883610452,1,0.6666666666666666,82.09166792700012,169.7606957530004,28149,7013,35162,11.614493581000033,24.785511248000148,73.22481370100013,60.60168359199997,1905,581,2486,3330,1167,4497,10249,3019,13268,9464,2877,12341
,2cL0MFcxksh,MIDL 2023 Short_Paper_Track,1,0.8106508875739645,0.8106508875739645,1,0.75,56.36737951500004,89.74777269100014,16017,4403,20420,9.321251105000101,17.801780659000087,49.168533643000046,48.66256838100003,2214,427,2641,2112,881,2993,8167,2405,10572,7730,2501,10231
,2M-2-75emE,MIDL 2023 Short_Paper_Track,1,0.848,0.848,1,1,65.17170848,99.32913390900012,15404,4455,19859,7.108930866000037,20.988304394000124,58.230245556,53.40866559699998,1986,313,2299,1759,869,2628,7896,2708,10604,7925,2524,10449
,3dRs49a1Xmt,MIDL 2023 Short_Paper_Track,1,0.819672131147541,0.8142076502732242,1,0.6666666666666666,59.388990268999805,99.13468983299958,15112,4683,19795,10.434668324999848,20.222345958000005,52.27161831999979,50.601743874999784,2034,491,2525,2041,955,2996,7212,2617,9829,7220,2440,9660
,3ndjE9eawkr,MIDL 2023 Short_Paper_Track,1,0.8515406162464987,0.8515406162464987,1,0.5,61.5611415840001,95.8143651580001,15171,4628,19799,11.569080382000038,17.858106850000013,53.2684818350001,51.87635304200012,2150,472,2622,1743,848,2591,7389,2730,10119,7334,2695,10029
,4E93Xdg98u,MIDL 2023 Short_Paper_Track,1,0.806896551724138,0.806896551724138,1,1,58.832692955000084,94.12364040599982,16229,4384,20613,10.558271131000083,18.567626821999966,52.647598534999815,49.9121976859999,2018,518,2536,1765,890,2655,8938,2457,11395,8878,2308,11186
,4HHb2cTgbO1,MIDL 2023 Short_Paper_Track,1,0.793103448275862,0.7862068965517242,0.8,1,60.680119903000104,92.89260148299991,13909,4400,18309,9.315801576000013,17.135058630000003,53.89884714999994,50.469057093999936,2073,458,2531,1838,807,2645,6293,2527,8820,6151,2596,8747
,5063TZgHfQm,MIDL 2023 Short_Paper_Track,1,0.8564102564102564,0.8564102564102564,1,0.75,68.76736160099995,108.56870317199991,14343,4655,18998,7.992286869000054,24.928082814999925,60.03948791199991,54.61363981299996,2038,371,2409,2118,1053,3171,6482,2505,8987,6367,2532,8899
,7mwxN2h7SM,MIDL 2023 Short_Paper_Track,1,0.8611111111111112,0.8611111111111112,1,1,69.50719573099991,107.51780234700004,15381,4445,19826,8.289889192000146,25.223443985999893,61.974598632999914,55.17531274199996,2137,366,2503,1913,871,2784,7424,2800,10224,7453,2443,9896
,A--Xy77jTa,MIDL 2023 Short_Paper_Track,1,0.8046875,0.8046875,1,1,64.92775917800009,102.88423326900033,15801,4384,20185,8.40528587100016,19.830691946000115,58.87375006399998,57.863389647000076,1962,395,2357,1891,968,2859,8050,2520,10570,8135,2402,10537
,B2Cb5y2A6DJ,MIDL 2023 Short_Paper_Track,1,0.826388888888889,0.826388888888889,1,1,59.39195244999996,93.8203307419999,14087,4539,18626,8.681060335999973,18.756692725999983,51.50516699900004,50.50838083899998,1962,359,2321,1749,834,2583,6632,2706,9338,6591,2670,9261
,B97_xzj69FK,MIDL 2023 Short_Paper_Track,1,0.8188405797101449,0.8188405797101449,1,0.625,68.80692550799995,107.37049039099975,13619,4488,18107,10.110649204999845,20.587710284999957,61.97304802999997,55.261446790000036,2082,484,2566,1745,791,2536,6251,2540,8791,6161,2507,8668
,BSf6JALJoc,MIDL 2023 Short_Paper_Track,1,0.743859649122807,0.7298245614035088,0.5,1,60.67219688799992,90.450027245,14321,4200,18521,7.100391600999956,19.706422962000033,53.99833084800002,47.75207718900015,1979,303,2282,1707,799,2506,6924,2690,9614,7002,2369,9371
,BNL83dNAiE,MIDL 2023 Short_Paper_Track,1,0.39875389408099693,0.3052959501557633,1,0,64.66738690800003,108.73498193499972,14373,4771,19144,10.080737398999872,23.61582936700006,58.10499946899995,52.79819066099981,2048,482,2530,1890,1051,2941,6820,2564,9384,6744,2507,9251
,C7VKeiHeZT,MIDL 2023 Short_Paper_Track,1,0.8319088319088319,0.8205128205128206,1,0.7692307692307692,63.80455687099993,95.41182390500012,15176,4545,19721,9.117801582000084,18.450378620000038,57.94255292399998,52.00544230700007,2081,383,2464,1801,954,2755,7646,2711,10357,7585,2356,9941
,CU82z90ppTS,MIDL 2023 Short_Paper_Track,0,0.7961165048543689,0.7961165048543689,0.6666666666666666,1,57.20418371400001,105.90698918099997,15834,4381,20215,8.428690088999929,36.594023977999996,50.44517680700005,48.32505650999997,1944,312,2256,1976,1045,3021,8023,2506,10529,8027,2454,10481
,FCYGwhzF7E,MIDL 2023 Short_Paper_Track,1,0.7037037037037037,0.7037037037037037,1,1,67.59848846199998,100.00395279000008,15094,4364,19458,9.211894943000061,16.626729508999915,60.842911214000196,54.88851446700005,2075,311,2386,1956,780,2736,7312,2711,10023,7132,2527,9659
,HlkroJOY-J,MIDL 2023 Short_Paper_Track,1,0.819672131147541,0.8131147540983606,1,0,58.33405151900001,93.6499616619999,14960,4642,19602,8.802719994999961,22.240697661000013,50.90074894500003,46.39131549999979,1994,432,2426,1988,1157,3145,7162,2694,9856,7135,2327,9462
,J06Ap1NYWE,MIDL 2023 Short_Paper_Track,1,0.8120300751879699,0.8120300751879699,0.75,1,79.03868201800015,142.6053716089998,13461,3773,17234,8.654163769999968,71.54665814300006,50.11289519199977,42.789802079999845,2024,300,2324,2207,640,2847,5872,2232,8104,5964,2114,8078
,JExQEfV5um,MIDL 2023 Short_Paper_Track,1,0.830945558739255,0.830945558739255,1,1,58.09161195999991,93.6563557500001,15002,4053,19055,7.731453554000154,18.632477002000087,50.75153201599983,49.29117703599991,1958,357,2315,1806,862,2668,7656,2308,9964,7568,2010,9578
,JY4oJg6-gc,MIDL 2023 Short_Paper_Track,1,0.8878923766816144,0.8878923766816144,0.75,1,68.32937842299998,94.54197275100046,14567,4400,18967,7.693951200000129,15.343017105999934,59.33522820800022,50.9589339500003,1927,348,2275,1772,798,2570,7085,2761,9846,7161,2419,9580
,LkXKbvcK_c,MIDL 2023 Short_Paper_Track,1,0.7288888888888888,0.7200000000000001,0.6666666666666666,0.75,55.882494626999915,85.84287197400022,14433,4171,18604,7.240731328000038,17.636584088000063,47.959805491,47.26656924600002,2028,342,2370,1754,902,2656,7021,2415,9436,6973,2457,9430
,M1V498MXelq,MIDL 2023 Short_Paper_Track,1,0.7291666666666667,0.7291666666666667,0.6666666666666666,0.8000000000000002,55.87972165300016,91.52947920800011,14634,4281,18915,13.324740568000152,16.960216231000004,49.699484727000026,41.48062320899976,2198,470,2668,2043,887,2930,6760,2451,9211,6801,2135,8936
,MCAgRjgh6v,MIDL 2023 Short_Paper_Track,1,0.8303030303030303,0.8303030303030303,0.8,1,59.078462513999966,100.10575714499964,15174,4784,19958,12.77041284400002,19.962977154999862,51.80493529499972,49.85308992199998,2040,591,2631,1941,972,2913,7472,2620,10092,7309,2531,9840
,NZu3TrXvCk,MIDL 2023 Short_Paper_Track,1,0.8328767123287671,0.8328767123287671,0.75,0.6666666666666666,60.40317011999991,120.59699693200014,15201,5094,20295,12.248501039000075,39.76668601499978,54.91053667200026,48.92728364200025,2172,580,2752,2000,1115,3115,7339,2772,10111,7172,2505,9677
,NiUSj5tDKf,MIDL 2023 Short_Paper_Track,1,0.8076923076923077,0.8076923076923077,1,1,54.5307260420002,83.45620315999986,14038,4183,18221,8.20649891800008,15.227762764999852,48.80990718200019,46.37361397399991,2002,338,2340,1763,786,2549,6588,2498,9086,6588,2498,9086
,BLWmZy6kSL7,MIDL 2023 Short_Paper_Track,1,0.8608247422680412,0.8608247422680412,0.75,1,239.19051330600018,99.49301541099999,14733,4861,19594,8.485362311000017,23.334583017000114,55.38810181400004,50.975356384999714,2175,408,2583,1899,1004,2903,6707,2801,9508,6522,2798,9320
,O8RJGtdACWs,MIDL 2023 Short_Paper_Track,1,0.8737373737373737,0.8737373737373737,1,0.5,60.67948577900006,95.9072757390004,14845,4634,19479,9.333186460999968,21.969581506000395,53.880289833999996,48.61434486200005,2180,448,2628,1745,893,2638,7124,2790,9914,7045,2569,9614
,O4f3k8zIZe9,MIDL 2023 Short_Paper_Track,1,0.773972602739726,0.773972602739726,0.8571428571428571,0.923076923076923,74.95507877900013,102.82153537900058,14990,4592,19582,9.441920887000379,15.793286140999953,69.01978245500004,54.41934374700031,2093,444,2537,2015,858,2873,6647,2994,9641,6989,2477,9466
,OMsh_JAmyfR,MIDL 2023 Short_Paper_Track,1,0.8980263157894737,0.8980263157894737,1,0.6363636363636364,53.938022807999914,91.9684470569996,15689,4708,20397,13.925096797999686,19.435441007999998,47.72311967399992,43.76685945899999,2409,740,3149,1864,1007,2871,7673,2502,10175,7540,2316,9856
,OaG7pYqbs7,MIDL 2023 Short_Paper_Track,1,0.7886435331230284,0.7823343848580442,1,0.75,53.759121638000124,86.08252766099895,14123,4094,18217,9.71029474099987,20.20451943199987,45.96365338299938,43.79996820599945,2122,458,2580,1784,859,2643,6733,2228,8961,6677,2276,8953
,Ob7xQXamjo_,MIDL 2023 Short_Paper_Track,1,0.7465437788018434,0.7373271889400922,0.75,0.75,72.31466691199967,106.09135042400021,14993,4686,19679,9.20457519699994,14.431919598999684,64.04252716800056,62.764373401000285,2228,437,2665,1871,746,2617,7039,2869,9908,6869,2817,9686
,OytzS_LCWvw,MIDL 2023 Short_Paper_Track,1,0.8437499999999999,0.8437499999999999,1,0.8571428571428571,56.82317053599991,88.20713970500037,13983,4628,18611,11.403323936000106,15.511917645999802,49.47211595500039,46.665902202000325,1979,582,2561,1741,800,2541,6560,2655,9215,6529,2561,9090
,PuLDnZVTH_f,MIDL 2023 Short_Paper_Track,1,0.8648648648648648,0.8648648648648648,1,1,53.58129376400029,88.41177178099997,14300,4423,18723,11.53422385399972,16.656910644999698,47.63126367900031,46.86568973800058,2052,568,2620,1848,871,2719,6833,2430,9263,6702,2356,9058
,UT7nTUxpaJZ,MIDL 2023 Short_Paper_Track,1,0.8511904761904762,0.8511904761904762,0.8,0.75,64.84287051499996,103.73381479499994,14145,4549,18694,12.62997939700017,17.61212427600003,58.908003686999564,46.50745586599987,2204,456,2660,2028,932,2960,6320,2591,8911,6112,2359,8471
,VcgBBAQfMP,MIDL 2023 Short_Paper_Track,1,0.4444444444444445,0.4358974358974359,1,0,66.99357366700042,109.5087042340001,16112,5046,21158,16.532976148000216,17.35336875999974,60.025783375000174,59.52618038699984,2234,840,3074,1680,774,2454,8167,2883,11050,8144,2875,11019
,XfXcA9-0XxR,MIDL 2023 Short_Paper_Track,0,0.7555555555555556,0.7466666666666667,1,0.8000000000000002,55.328736713000126,90.30693835299962,15931,4515,20446,10.147516925999753,20.853838845000155,47.600857103999715,45.1859221929999,2101,493,2594,1929,933,2862,8338,2421,10759,8181,2500,10681
,TyA5AyU_tSv,MIDL 2023 Short_Paper_Track,1,0.8273615635179153,0.8273615635179153,1,0.75,96.67318951800007,94.67449952300012,14663,4620,19283,8.439660838000236,18.849865148999925,53.14531269300005,51.80617828000004,2013,398,2411,1873,978,2851,7029,2663,9692,7048,2522,9570
,VmFdXXpVx8,MIDL 2023 Short_Paper_Track,1,0.8178694158075601,0.8178694158075601,1,1,57.51703158100008,83.57752831700009,15087,4189,19276,7.777537146999748,14.338680353999735,49.394452880000244,46.41623851600025,2060,310,2370,1757,773,2530,7626,2548,10174,7521,2503,10024
,YEMH26an2bM,MIDL 2023 Short_Paper_Track,1,0.8175182481751825,0.8175182481751825,0.8333333333333334,0.6666666666666666,58.01678088599965,97.78277793500047,14439,4602,19041,10.678784619999988,18.80270159499969,52.3497368670005,49.027972230000614,1983,377,2360,1867,857,2724,7022,2640,9662,6880,2583,9463
,_VKOZO2LHF0,MIDL 2023 Short_Paper_Track,1,0.8669354838709677,0.8669354838709677,1,1,55.683768984999915,95.01919524599953,14585,4521,19106,10.69902322400003,23.90996984000003,48.49103477199969,46.075763403999645,2113,506,2619,1865,992,2857,6838,2487,9325,6891,2418,9309
,Z376GMHarUB,MIDL 2023 Short_Paper_Track,1,0.7807017543859649,0.7807017543859649,0.6666666666666666,0.7777777777777778,61.88111230699997,98.35705795300055,15107,4908,20015,13.35713534000024,18.72217638500024,54.35777729500023,49.81844496900021,2066,699,2765,1808,900,2708,7403,2709,10112,7377,2664,10041
,_kk8KI8MiRE,MIDL 2023 Short_Paper_Track,1,0.8322147651006712,0.8322147651006712,1,1,59.13138124199986,97.38409839000087,15093,4883,19976,10.748386959000072,20.88482365400023,52.255848956000136,50.704946560000735,2097,472,2569,1847,902,2749,7301,2862,10163,7162,2742,9904
,_bAp02OXNiT,MIDL 2023 Short_Paper_Track,1,0.7947882736156352,0.7947882736156352,0.6666666666666666,1,62.24004927099986,98.89200877799976,16124,4767,20891,7.264089966000029,21.792564804999984,57.285204877999604,51.53575477200002,2054,311,2365,1968,905,2873,8059,2906,10965,7962,2869,10831
,_cft_bbodYO,MIDL 2023 Short_Paper_Track,1,0.8253012048192772,0.8253012048192772,0.75,1,71.26393377100021,104.88891964599998,14694,4204,18898,9.121275749999768,17.738398626000162,64.37515751599994,63.163516211000115,2030,341,2371,1820,810,2630,7167,2519,9686,7118,2455,9573
,a6--BnpcdB,MIDL 2023 Short_Paper_Track,1,0.8697916666666667,0.8697916666666667,1,0.75,64.76602553300017,103.43899442199972,14936,4739,19675,10.91152127100031,19.306918032999874,57.54228592699974,50.19000555399953,2166,538,2704,1907,920,2827,7087,2783,9870,7036,2458,9494
,bFb3V8ALx4W,MIDL 2023 Short_Paper_Track,1,0.7395833333333334,0.7395833333333334,1,1,51.251833656000144,80.86441227899968,13484,3677,17161,6.644760965999922,17.123533532999772,45.32049524800004,43.426023086999976,1996,233,2229,1748,704,2452,6490,2177,8667,6457,2154,8611
,bVC9bi_-t7Y,MIDL 2023 Short_Paper_Track,1,0.8,0.8,1,1,64.91214340600027,96.00367185000005,14213,4368,18581,10.837080738000168,16.969175060999987,58.823238576999756,47.380703925000034,2108,476,2584,1763,812,2575,6803,2713,9516,6688,2230,8918
,brK-VVoDpqo,MIDL 2023 Short_Paper_Track,1,0.75,0.75,1,1,57.89422931099989,89.51822536700001,14609,4753,19362,10.108202041999903,18.532988921000197,51.45022717200027,45.38375784799973,2177,488,2665,1859,932,2791,6769,2870,9639,6739,2502,9241
,cAVR6QftKDe,MIDL 2023 Short_Paper_Track,0,0.8359133126934984,0.8359133126934984,1,0.7272727272727272,62.96214800600001,98.11778317900007,15453,4682,20135,7.654351569000028,17.541848029999983,57.89970035499982,52.4364306260004,2134,350,2484,1788,877,2665,7652,2834,10486,7668,2756,10424
,dI6wYt1qr1o,MIDL 2023 Short_Paper_Track,1,0.8731707317073171,0.8731707317073171,1,1,54.00713977799978,95.73902878300032,13844,4352,18196,8.43261697600019,28.194255412000075,47.252475847999904,42.40963648800016,1974,392,2366,1830,945,2775,6552,2442,8994,6419,2301,8720
,d1O5xjKX_yd,MIDL 2023 Short_Paper_Track,1,0.8224852071005918,0.8224852071005918,1,1,63.30309090000037,97.36786744700021,16249,4561,20810,8.750051814000017,15.979400166000232,56.84952079499999,54.603881939000075,2311,380,2691,1898,815,2713,8241,2654,10895,8135,2705,10840
,dPWotG03R-h,MIDL 2023 Short_Paper_Track,1,0.8,0.8,1,0.8333333333333334,61.325784483999996,90.90184196900009,13936,4691,18627,7.72224763999975,16.793548296000154,53.719737699000234,49.03293934400017,2077,349,2426,1897,909,2806,6216,2767,8983,6179,2639,8818
,e6B-OAcJfuD,MIDL 2023 Short_Paper_Track,1,0.8714859437751004,0.8674698795180723,1,1,58.40266655700043,87.5394837849999,14984,4480,19464,10.079978830000073,15.316378858000007,49.62975426699995,49.115610412000024,2059,479,2538,1724,770,2494,7417,2672,10089,7346,2613,9959
,fnIAVuZa9J,MIDL 2023 Short_Paper_Track,1,0.7454545454545454,0.7454545454545454,0.75,0.6,56.11426805100018,92.082598512,15165,4548,19713,10.741232768999907,20.474926394999784,50.51372521800022,48.99454248200027,2008,524,2532,2097,886,2983,7095,2657,9752,6853,2687,9540
,gpsfGAOUs58,MIDL 2023 Short_Paper_Track,1,0.8231511254019291,0.8167202572347266,0.8,1,53.081285503000345,83.00015566299999,13570,4074,17644,8.787305984999875,15.933687166999789,45.772503623000375,44.18848875000003,1859,416,2275,1790,828,2618,6629,2230,8859,6529,2198,8727
,hr1QLA_ykVp,MIDL 2023 Short_Paper_Track,1,0.8344370860927153,0.8344370860927153,1,0.8571428571428571,58.28472987199984,92.58733579600084,14509,4443,18952,9.275511738000205,18.91490671800011,52.29530064800019,47.01843502700058,2023,445,2468,1792,812,2604,7046,2744,9790,6995,2343,9338
,hhCvgZQQbQ5,MIDL 2023 Short_Paper_Track,1,0.6638297872340425,0.6468085106382979,0.6666666666666666,0.16666666666666666,65.25593091500014,100.14789640800018,15392,4874,20266,7.24884913599999,18.98699419400009,58.366620005000186,53.93673805299977,2003,293,2296,1715,911,2626,7703,3007,10710,7627,2836,10463
,iXjsAarmqn,MIDL 2023 Short_Paper_Track,0,0.8022284122562675,0.8022284122562675,1,0.6666666666666666,57.963924335999764,92.0243862909997,15702,4661,20363,8.344831176999833,18.813104994999776,51.431443956000294,49.45293520599989,2112,391,2503,1916,918,2834,7741,2741,10482,7767,2661,10428
,iYbJn-wIvf,MIDL 2023 Short_Paper_Track,1,0.7058823529411764,0.7058823529411764,1,0.8571428571428571,53.988084328999776,82.81322679300001,14270,4228,18498,8.857166018000044,16.103776642999946,46.610949964000156,45.66619569300019,2210,395,2605,1877,850,2727,6481,2483,8964,6498,2432,8930
,icYc_uKOI6o,MIDL 2023 Short_Paper_Track,1,0.7852760736196319,0.7852760736196319,0.75,0.375,59.35077443299997,93.1167910170002,14937,4534,19471,9.168418892000318,16.92379542100025,53.5424160929997,51.42194395899969,2202,460,2662,1914,799,2713,7137,2634,9771,7149,2514,9663
,iilLHaINUW,MIDL 2023 Short_Paper_Track,1,0.8408408408408408,0.8408408408408408,1,0,61.84125400600033,94.0766600779998,14263,4303,18566,7.847255466999741,17.04492066499961,53.53958221000039,51.346945495000455,2105,377,2482,1874,855,2729,6840,2484,9324,6656,2318,8974
,kNQvCJC0fad,MIDL 2023 Short_Paper_Track,1,0.8535353535353535,0.8535353535353535,1,1,50.34218541700011,86.72541327600038,13623,4474,18097,15.011136373000227,15.407924552000168,43.721663461999924,42.26305683999999,2141,795,2936,1806,779,2585,6187,2367,8554,6218,2192,8410
,kvpAErerdkc,MIDL 2023 Short_Paper_Track,1,0.798611111111111,0.798611111111111,0.8,1,59.75414757999988,96.44379297100022,14730,4609,19339,10.379729769000278,18.9205847799999,51.764974456000346,49.74442644700002,2130,473,2603,1821,872,2693,7135,2570,9705,7022,2641,9663
,lUZGyTRzxq,MIDL 2023 Short_Paper_Track,1,0.8798076923076923,0.8798076923076923,0.75,0.9032258064516129,56.352363765000064,96.40056137799957,15161,4721,19882,14.645554693000122,22.783169644999816,49.43926848499996,41.257051037999645,2257,771,3028,1931,905,2836,7105,2577,9682,7234,2245,9479
,mad9Y_7khs,MIDL 2023 Short_Paper_Track,1,0.8526785714285715,0.8526785714285715,1,1,65.38737962300002,102.61211299500019,16832,4757,21589,12.274120640000092,19.171009523000066,59.49577817400041,52.3522603739998,2072,492,2564,2029,896,2925,8614,2923,11537,8652,2545,11197
,nTnAm_El0RC,MIDL 2023 Short_Paper_Track,1,0.7685185185185186,0.7685185185185186,0.8,0.8333333333333334,54.90876898899978,96.74774780300004,13572,4513,18085,8.767136110000138,25.127947090999896,48.87656336700002,46.13120208700002,2172,306,2478,1715,849,2564,6212,2638,8850,6205,2502,8707
,newlahoISt1,MIDL 2023 Short_Paper_Track,1,0.7891156462585035,0.7891156462585035,1,0.9090909090909091,63.11034285600044,108.34845614599953,15342,4631,19973,9.69373679399996,30.083539884999936,55.078912940999544,53.49869190299978,1883,459,2342,1784,841,2625,7746,2774,10520,7740,2741,10481
,npxsTyiJ37,MIDL 2023 Short_Paper_Track,1,0.8502994011976047,0.8502994011976047,1,0.8000000000000002,65.70252087999961,100.3022427410001,15159,4815,19974,9.348403732999941,18.75109473700013,56.88075360499988,53.764575939000224,2045,425,2470,1698,826,2524,7578,2843,10421,7551,2857,10408
,rE5kyC31IXQ,MIDL 2023 Short_Paper_Track,1,0.7839506172839507,0.7839506172839507,1,1,58.4876760090001,96.6493803670005,14750,4675,19425,11.356291554000109,20.753280283000095,52.45339931600029,47.09102367700007,2095,527,2622,1811,863,2674,7017,2699,9716,7007,2572,9579
,rUpjCWd0BB,MIDL 2023 Short_Paper_Track,1,0.761904761904762,0.761904761904762,0.8,1,57.322784903999946,85.92812395300052,14952,4490,19442,7.382641855000202,16.54381364100027,50.209384605000196,48.85606641200002,2021,333,2354,1851,885,2736,7271,2707,9978,7177,2669,9846
,rfZokeg6UMV,MIDL 2023 Short_Paper_Track,0,0.7159090909090909,0.7159090909090909,0.8333333333333334,1,56.70132119800019,98.54035955599966,13245,4494,17739,7.76966064699991,21.449217979999958,51.46907162499974,49.66839448200017,1880,332,2212,1796,1022,2818,6045,2489,8534,6062,2449,8511
,tSokLyjvW5,MIDL 2023 Short_Paper_Track,1,0.7873563218390806,0.7758620689655173,1,0.75,52.61798762599983,96.24899623099964,14862,4702,19564,7.161979561999942,22.88604881900028,49.75489675899962,48.44168957899956,2094,309,2403,1877,860,2737,7251,2666,9917,7084,2674,9758
,tfEylAl8vf,MIDL 2023 Short_Paper_Track,1,0.8104575163398694,0.8104575163398694,1,0.6666666666666666,62.103151245999925,93.75916777799966,15633,4679,20312,7.496384942000077,17.503879491000134,54.55685202599943,52.334266141999706,1881,338,2219,1970,839,2809,7711,2943,10654,7777,2718,10495
,upQogJXuhQ,MIDL 2023 Short_Paper_Track,1,0.7586206896551725,0.7586206896551725,1,0.6666666666666666,58.62588763800022,85.00935513400009,15193,4154,19347,7.4929721930002415,15.391521446999832,51.29027826900028,46.383507898999596,1967,321,2288,1765,779,2544,7879,2523,10402,7814,2389,10203
,tQvYo-DMrO,MIDL 2023 Short_Paper_Track,1,0.8395061728395062,0.8395061728395062,1,1,90.76845153900013,120.31479865300025,14928,4410,19338,7.920548889000202,16.524386424000113,82.26786661799997,78.03870049299985,2103,368,2471,1680,869,2549,7542,2543,10085,7497,2518,10015
,xBfUkTq17h7,MIDL 2023 Short_Paper_Track,1,0.8120300751879699,0.8120300751879699,1,0.6666666666666666,66.2704031129997,108.36357549400054,14207,4898,19105,7.004792527000063,26.0549410360004,58.785313086000315,55.13476261799997,2093,315,2408,1766,912,2678,6390,3073,9463,6448,2776,9224
,yCx-3_76pY,MIDL 2023 Short_Paper_Track,1,0.7940074906367041,0.7865168539325843,1,1,59.280889578999904,90.50295704199971,15233,2901,18134,8.619889796999814,15.593327701999897,53.34594556100001,47.18273562500008,2102,369,2471,1698,778,2476,7852,1185,9037,7793,936,8729
,B0gGoUIiqx9,UAI 2022 Conference,1,0.9666666666666667,0.9666666666666667,1,1,62.92027842099969,134.70130135600039,26594,5925,32519,16.491072128999804,23.971046805000242,52.49374057100022,49.70573810399992,1719,370,2089,2826,1078,3904,10433,2739,13172,10014,2655,12669
,B0l_lDLs9gq,UAI 2022 Conference,1,0.9534246575342465,0.947945205479452,1,0.28571428571428575,58.94841738100013,127.20065494800019,24984,6091,31075,11.752188463000039,20.83349870300026,50.903274519000206,44.36844205299985,1879,448,2327,3127,1077,4204,8711,2639,11350,8605,2375,10980
,B0xLpILs5ec,UAI 2022 Conference,1,0.9433962264150944,0.9433962264150944,1,0,59.83069654400015,118.81412811600057,21949,5501,27450,8.850051958000222,30.943421510000007,53.57504598000014,45.403057859,2042,416,2458,2375,1166,3541,9675,2850,12525,9659,2478,12137
,B0l8-wLjql5,UAI 2022 Conference,1,0.7762376237623763,0.7643564356435644,1,0,68.64276327599964,116.62731272200017,23414,5855,29269,8.834450970000034,19.51891170199997,59.86418142299999,56.646535142000175,1893,394,2287,2454,1029,3483,10128,3262,13390,10046,3026,13072
,B248iw8jce5,UAI 2022 Conference,1,0.5164473684210527,0.5164473684210527,1,0,58.55990208999992,137.56317417299988,26851,6064,32915,15.949554375999924,30.937546068999836,51.128026444999705,47.5239046329998,1908,574,2482,3504,1032,4536,9862,2720,12582,9058,2419,11477
,B3M4CS8oql9,UAI 2022 Conference,1,0.9641693811074918,0.9641693811074918,1,1,65.17352619799976,146.40182919500012,27239,7083,34322,9.049270704000264,25.478186495000045,56.51955116399995,51.82596173699994,2010,416,2426,3072,1278,4350,10337,2912,13249,9921,2710,12631
,B5Lf6PUoqg5,UAI 2022 Conference,1,0.9037037037037037,0.9037037037037037,1,0.6666666666666666,71.73304215200005,120.93626577499936,22857,5581,28438,10.47701365399962,18.86481065399994,61.97231481300014,57.95912156499935,1965,327,2292,2208,1033,3241,9922,3221,13143,9850,3074,12924
,BAeO6LIjcec,UAI 2022 Conference,1,0.8927335640138407,0.8927335640138407,1,0,70.66623667600015,121.67467818600016,24533,5779,30312,7.37816422700007,22.29964750399995,47.9574959900001,44.90421126499996,2014,315,2329,2841,1023,3864,8860,2312,11172,8558,2396,10954
,BCg4lD8ice5,UAI 2022 Conference,1,0.611023622047244,0.6047244094488189,1,0.9473684210526316,64.37223932100005,130.84077751300038,26908,6447,33355,13.425687901000401,20.438351212999805,56.19625338500009,52.0107422279998,2121,649,2770,2626,896,3522,9557,3108,12665,9486,2722,12208
,BAlqxvUs5lq,UAI 2022 Conference,0,0.9617021276595744,0.9617021276595744,0.3333333333333333,1,68.84594004700011,134.63748850199954,28686,6543,35229,7.909422109999923,26.78011526299997,61.50526333500011,52.87394417999985,1929,301,2230,3456,1231,4687,10534,2925,13459,9710,2914,12624
,BElGwDLoqlc,UAI 2022 Conference,1,0.9930555555555556,0.9930555555555556,1,0.3333333333333333,57.24981714800015,108.10152837000032,21009,5396,26405,7.800370104000194,24.28461011599984,48.27629917000013,45.585636078000334,1775,315,2090,2725,1207,3932,8725,2657,11382,8858,2416,11274
,BElx3S8s5e9,UAI 2022 Conference,1,0.6126126126126127,0.5585585585585586,1,1,72.9462657070003,142.39988400899983,31010,6799,37809,8.387386422999953,24.649492517,55.051307954000094,43.881339516000025,1731,365,2096,3402,1084,4486,9880,2854,12734,10068,2317,12385
,BFZL7ULicg5,UAI 2022 Conference,1,0.6497461928934011,0.6395939086294417,1,1,62.05212984700029,111.52704142500033,23634,5420,29054,10.842294029000186,19.18585487700011,53.858569529000306,51.240954968000096,1932,504,2436,2663,999,3662,10688,2741,13429,10503,2660,13163
,BFULBwUocxq,UAI 2022 Conference,1,0.9100529100529101,0.9047619047619049,1,1,75.86997641699963,146.3000927779999,28902,6995,35897,8.300820396999825,24.821538926000358,67.99971355799971,59.65077011499989,1931,328,2259,2767,1258,4025,10763,3291,14054,10535,3175,13710
,BGGevIUicl9,UAI 2022 Conference,1,0.5530973451327434,0.5353982300884955,1,0.5,62.97443582100004,118.54806048000046,26540,5740,32280,9.247680258999935,17.168139021000115,54.49380752700017,48.321860947000005,1797,418,2215,3093,925,4018,9676,2541,12217,9035,2712,11747
,BGe6r8i9x5,UAI 2022 Conference,1,0.6050670640834576,0.6020864381520119,1,1,69.46744940200006,132.8191039860003,23069,6119,29188,17.386758907000058,25.96578319199989,59.486683259000074,57.46055506000039,2010,708,2718,2480,995,3475,9642,3147,12789,9576,3076,12652
,BGfLS_8j5eq,UAI 2022 Conference,0,0.9939393939393939,0.9939393939393939,1,0.5,69.30664419499999,122.57444241200028,22419,5789,28208,9.019779450999977,20.77488589600034,60.744573043999935,52.43925609600001,2077,378,2455,2570,1066,3636,9649,3060,12709,9600,2627,12227
,BKZCKwIjcl5,UAI 2022 Conference,1,0.6417582417582417,0.6417582417582417,1,1,72.32708670000011,119.43287811800019,23095,5888,28983,8.400321359000372,19.40537592599958,63.023847993000345,55.90619873100013,1847,390,2237,2640,1051,3691,10132,3102,13234,10051,2891,12942
,BRl8II8jcx9,UAI 2022 Conference,1,0.9838337182448037,0.9838337182448037,1,1,67.61639256099988,115.58751762499924,23311,5581,28892,12.138171104999856,19.00593722299982,60.2591796429997,56.047067178999896,2170,455,2625,2254,1022,3276,10337,3013,13350,10125,2732,12857
,BKZIivLs9xc,UAI 2022 Conference,1,0.8475609756097561,0.8475609756097561,1,0,75.86170944600008,128.73822421199975,21462,5658,27120,12.076734100000067,19.997393585999816,64.85444845599977,52.99834311599943,1848,479,2327,2306,999,3305,9142,2892,12034,9236,2661,11897
,BKbcdPUs9ec,UAI 2022 Conference,1,0.5773195876288659,0.5773195876288659,1,1,71.03460648200007,140.59719182900017,28804,6828,35632,14.304810405000353,28.391769617000136,59.20870573000002,45.039495195999734,1932,490,2422,4004,1361,5365,10248,3052,13300,9687,2827,12514
,BSxlyw8sce9,UAI 2022 Conference,1,0.5936073059360731,0.5936073059360731,1,1,61.633660356999826,113.0355599250006,22077,5606,27683,10.684129283999937,20.92517832600015,53.60506361900025,50.32119194900042,1861,492,2353,2615,1034,3649,9688,2797,12485,9636,2579,12215
,BU5N-O8o9l9,UAI 2022 Conference,1,0.9403973509933775,0.9403973509933775,1,0.6666666666666666,65.63853961900031,121.85115868799949,26426,6004,32430,5.523680228000103,19.538978215000043,55.39545494499998,48.02309404699963,1889,204,2093,2817,941,3758,9734,2871,12605,9791,2631,12422
,BVxfSPUoqeq,UAI 2022 Conference,1,0.3093093093093093,0.3093093093093093,1,1,61.48609427099973,124.2880578900008,26443,6449,32892,13.324279343000399,22.731687433999923,51.786221518000275,46.94562096300024,2024,641,2665,2834,1164,3998,9426,2750,12176,9417,2606,12023
,BYUfYU8oce9,UAI 2022 Conference,1,0.9894179894179894,0.9894179894179894,1,1,54.321230830999866,116.52474756300035,26147,5898,32045,8.79397208699993,22.006401992000065,48.15026127500005,43.79419799000016,1767,318,2085,2995,995,3990,9700,2653,12353,9728,2407,12135
,BWgudIo9g9,UAI 2022 Conference,1,0.9174311926605504,0.9174311926605504,1,0.8000000000000002,61.89482487999976,107.80027800300013,22240,5580,27820,8.94150262300036,19.24803041899986,53.48013881299994,50.16224005799995,2126,380,2506,2579,1049,3628,9162,2889,12051,9107,2802,11909
,BZ9U_Ij5l9,UAI 2022 Conference,1,0.6472019464720195,0.637469586374696,1,1,63.01027498299982,127.17627182700062,26862,6201,33063,11.670172639000157,27.103669385000103,54.28547211000023,48.74235451700042,1818,422,2240,2786,1184,3970,10135,2893,13028,9992,2740,12732
,BYIz5IIiql9,UAI 2022 Conference,1,0.5567010309278351,0.5478645066273932,1,1,65.5110490420002,129.85163058600028,27541,6749,34290,14.350283040999784,21.020221136000146,55.74219385900051,52.26907123800038,2072,711,2783,2723,1021,3744,10139,3067,13206,9904,2835,12739
,BbGv8Lsql9,UAI 2022 Conference,1,0.9117647058823529,0.9117647058823529,1,1,58.23480910599983,97.87888787599968,20282,4662,24944,6.037738049999916,19.865724083999794,49.257554378999885,37.93842261200007,2013,226,2239,2458,1028,3486,9221,2278,11499,9038,2051,11089
,BcIfJuIscx5,UAI 2022 Conference,1,0.9063670411985019,0.9063670411985019,1,1,65.77553611699977,120.69249320100062,23202,6330,29532,7.55468423100001,26.522815543999968,57.26012664500058,54.60793943700037,2003,320,2323,2864,1434,4298,9995,3025,13020,9391,3116,12507
,BcLqJUIs5x5,UAI 2022 Conference,0,0.7231121281464531,0.7231121281464531,1,0,61.87422531200036,113.8632359749995,20655,5417,26072,11.431192391999957,19.13499925999986,52.75754493699969,48.9233388749999,1977,575,2552,2168,899,3067,9359,2540,11899,9250,2385,11635
,BcLwrLLi5xq,UAI 2022 Conference,1,0.894736842105263,0.894736842105263,1,0.75,68.4580384689998,132.8171179040005,25998,6498,32496,11.663978519000011,19.731481811999856,58.77789351199999,53.50933945400038,2021,527,2548,2806,1087,3893,9106,2945,12051,9032,2586,11618
,BfMuG_Iiqgc,UAI 2022 Conference,1,0.8996960486322189,0.8996960486322189,1,0.8000000000000002,65.02319866800008,124.6877723990001,22495,5375,27870,11.999569852999684,28.915177903999847,52.816733003000536,45.74076833200024,2054,456,2510,2783,1212,3995,10021,2457,12478,9599,2469,12068
,BcU_UIIjqg9,UAI 2022 Conference,1,0.9553805774278216,0.9448818897637795,1,0,72.4273237880002,117.40364191700064,22470,5741,28211,9.360646977000215,21.302172279999922,63.03274901900022,49.087956103000124,1949,408,2357,2663,1082,3745,9447,3032,12479,9412,2832,12244
,Bfzg8d8j9x5,UAI 2022 Conference,1,0.5079365079365079,0.4988662131519275,1,1,80.51110277999987,144.59104004399978,23365,5891,29256,16.715043095000055,23.86914223299982,72.13819642999988,64.35409742799993,1907,491,2398,2553,1041,3594,10066,3121,13187,10052,3011,13063
,BgbgH_Ls5lc,UAI 2022 Conference,1,0.9631901840490796,0.9631901840490796,1,1,67.37380595299965,124.64660308699922,28688,5994,34682,7.780691214999933,25.05897649299959,59.1725511439995,52.682254952999756,1985,327,2312,2957,1074,4031,10760,3045,13805,10704,2806,13510
,Bgla8Loqgq,UAI 2022 Conference,1,0.469208211143695,0.46627565982404695,1,1,64.36776504400041,132.0125167579995,27338,6491,33829,13.37328025099987,20.017726498999764,55.84933911200005,51.983534342999974,2007,695,2702,2774,1005,3779,10502,2834,13336,10184,2797,12981
,Bhz4TPUo9g5,UAI 2022 Conference,1,0.5773524720893142,0.5709728867623605,1,0.6153846153846153,61.327879447000214,129.54441313500047,29139,6497,35636,14.725880064000194,23.414901269999973,54.88910975899989,51.52665026600016,2003,717,2720,3572,1065,4637,10588,2733,13321,9943,2901,12844
,Bh4lBPUjqg9,UAI 2022 Conference,1,0.9051987767584098,0.9051987767584098,1,1,66.12980524099976,121.93646034599942,25898,6221,32119,7.5339904880001995,22.440459320000173,56.22554992999949,49.672253649999675,1800,317,2117,2572,1027,3599,9333,3114,12447,9283,2721,12004
,BhzEFwLj5l5,UAI 2022 Conference,1,0.6868686868686867,0.6868686868686867,1,1,61.16406905299982,145.80034072399985,26337,6906,33243,12.03073811799959,34.53761127500002,53.734809597000094,49.38929086299959,1833,567,2400,3298,1071,4369,9378,2772,12150,9154,2725,11879
,BlbhyDUo9xc,UAI 2022 Conference,1,0.8812095032397407,0.8812095032397407,1,1,63.768025209999905,107.91221063800094,22374,5424,27798,12.176193808000335,18.992266744000062,51.39937770300003,49.63340638800037,2070,513,2583,2647,1037,3684,9526,2616,12142,9242,2752,11994
,BnzUG88j9e9,UAI 2022 Conference,0,0.8895027624309393,0.8895027624309393,1,0,65.76846919299987,130.1058364999999,25136,5796,30932,9.170235137999953,22.51927541499981,55.45696378999992,41.116883729000165,2139,437,2576,2907,975,3882,8954,2674,11628,8892,2137,11029
,BnzMjDLs5e9,UAI 2022 Conference,0,0.802919708029197,0.802919708029197,1,1,76.92177817899983,146.7188872390002,27063,6439,33502,10.042612781000116,22.902048887000092,64.8266534569998,55.657559324999966,2049,460,2509,2993,1023,4016,9929,2953,12882,9640,2712,12352
,BqLxKvUj9g5,UAI 2022 Conference,1,0.9198312236286921,0.9198312236286921,0.6666666666666666,0.75,57.576806657999896,124.6251264309999,25725,5862,31587,9.165010970999901,22.22847988700005,49.402780107000126,47.90082032999999,1962,393,2355,3115,1079,4194,9384,2436,11820,9081,2446,11527
,BqIM6SIoqgq,UAI 2022 Conference,1,0.6976744186046512,0.6976744186046512,1,0.888888888888889,63.59599769999977,121.57062490799944,26340,6191,32531,9.888159271999939,18.56840252799975,55.96885707799947,54.79145067599984,1817,472,2289,2422,1002,3424,9694,2972,12666,9645,2823,12468
,BrHGB_8o5lc,UAI 2022 Conference,1,0.6117647058823529,0.6117647058823529,1,1,78.78036699799986,144.92946864899977,27101,6052,33153,11.280353065999861,19.89805692400023,69.35435651699981,50.81028316899983,1875,465,2340,3132,1001,4133,10259,2793,13052,10117,2663,12780
,BrgGA88scgc,UAI 2022 Conference,1,0.6286764705882354,0.6176470588235294,1,1,63.45053807600016,120.35518478999984,26748,5947,32695,10.201638109999749,19.631122112999947,54.758462735000194,43.772209183000086,1995,492,2487,3120,1078,4198,9055,2796,11851,9168,2409,11577
,BtUxE_8i5l5,UAI 2022 Conference,1,0.9240121580547113,0.9240121580547113,1,0,63.87064317100021,110.88446412599933,22029,5633,27662,10.146754689999852,17.868525714000043,56.380640406999646,54.50849392999953,1952,400,2352,2309,864,3173,9286,3087,12373,9118,2993,12111
,BtbfJ8Uscgc,UAI 2022 Conference,0,0.6181102362204725,0.6062992125984252,1,1,64.27866794900001,119.33143821500016,20884,5423,26307,14.066672281000137,19.656965623999895,54.71753872399995,51.21301359500012,1985,659,2644,2256,1035,3291,9400,2391,11791,9395,2335,11730
,BuOcoU8jqxq,UAI 2022 Conference,1,0.9282296650717703,0.9282296650717703,1,1,64.26589766999996,118.07900726499929,22262,5863,28125,8.782026314999712,21.806432616000166,57.89086442899952,55.54676511899925,1998,350,2348,2580,1103,3683,9860,2774,12634,9465,2782,12247
,Brx4JDUo5ec,UAI 2022 Conference,1,0.7704485488126648,0.7598944591029023,1,1,73.1591127669999,117.7670130700003,22714,5664,28378,9.644234315000176,18.41093111200007,63.239455732999886,51.48925811299978,2018,427,2445,2387,945,3332,9935,2941,12876,9742,3002,12744
,Buddj8Ijcl9,UAI 2022 Conference,1,0.8240740740740741,0.8240740740740741,1,0.75,62.21066122299999,123.85562171900028,21652,5449,27101,11.599585939000008,32.95813670999996,53.20047027200053,49.98170107900023,1725,269,1994,2679,1110,3789,9415,2721,12136,9082,2762,11844
,Bx4qULo5g5,UAI 2022 Conference,1,0.9440993788819876,0.9440993788819876,1,0,58.99558497699991,119.03472009699999,25353,6027,31380,8.831410108,19.057929940000122,50.01766703500016,45.418445828999666,1986,411,2397,2740,949,3689,9187,2649,11836,9025,2493,11518
,BzMxEdIsqeq,UAI 2022 Conference,1,0.9457364341085271,0.9457364341085271,1,0.6666666666666666,69.80548571100007,130.99666127199953,24963,5544,30507,8.81626279000011,19.538451159000033,59.03416084899982,42.93638261299975,1963,309,2272,2964,1059,4023,9430,2423,11853,9242,2180,11422
,BzlRBLs5xc,UAI 2022 Conference,0,0.7972665148063781,0.7972665148063781,1,1,73.26046176,157.2289655550003,26101,6859,32960,9.870421888000237,20.793867067000065,69.23428305000016,59.48791362400016,1735,322,2057,2695,973,3668,9381,3110,12491,9302,2744,12046
,BxZuD_Uiql5,UAI 2022 Conference,0,0.948356807511737,0.948356807511737,1,1,99.29971333799995,177.58008388900043,26963,6273,33236,10.264266607000081,21.206221106000157,89.41332641300005,48.24251232000006,2148,401,2549,2930,1068,3998,10042,2915,12957,9476,2543,12019
,H2EeD88sqec,UAI 2022 Conference,1,1,1,1,0.8,65.16776678199994,136.31207596499962,27468,6360,33828,9.435864991000017,24.736956228000054,56.424659863000215,47.1875618199997,1898,448,2346,3459,1067,4526,9917,2885,12802,9831,2643,12474
,H0gOIL8j9xc,UAI 2022 Conference,1,1,1,1,0.75,103.21634012999994,176.069086212,22180,5374,27554,38.33282690999977,17.586197789999915,93.80104925100022,71.91354128100011,1967,293,2260,2501,897,3398,9329,2935,12264,9241,2681,11922
,H2V43wIj5g9,UAI 2022 Conference,0,0.18285714285714283,0.10285714285714287,1,1,77.33296842899972,146.51262071599967,27329,6869,34198,8.224571031999858,19.930983747000028,69.5674915970003,56.661373331999584,1830,309,2139,2577,1051,3628,9736,3528,13264,9767,3140,12907
,H34Ah8Loqgq,UAI 2022 Conference,0,0.9382716049382716,0.9382716049382716,1,1,66.72892404000004,128.0805574560004,26501,6240,32741,11.781570400999954,19.122816061999856,58.60492303199999,51.3202935610002,2021,527,2548,2687,950,3637,10032,2893,12925,9867,2619,12486
,H3GgXIUi9xq,UAI 2022 Conference,1,0.6533665835411472,0.6533665835411472,1,1,79.94460670600029,130.4267230609994,22583,6024,28607,9.845661040999858,19.92039202299975,72.39730000000009,66.63434246499992,1913,473,2386,2332,1006,3338,9764,3188,12952,9636,3042,12678
,H3GgpSIiqxq,UAI 2022 Conference,1,0.7699316628701596,0.75626423690205,1,1,60.764005976000135,122.47274588399932,25572,5704,31276,9.415965143999983,23.420657292000215,54.44497072599961,46.341100701999494,1835,336,2171,2866,1159,4025,8966,2676,11642,9028,2480,11508
,H3zMYwUsqeq,UAI 2022 Conference,0,0.8266666666666667,0.8266666666666667,1,1,68.5189936669999,127.2399326740001,27875,5564,33439,8.931266576000326,26.148051274999943,57.58140409199996,50.455690818999756,1966,299,2265,2730,943,3673,9956,3043,12999,9843,2862,12705
,H5LUOwUoql5,UAI 2022 Conference,1,0.9343434343434344,0.9343434343434344,0,1,65.57364429799964,133.7519977320003,25038,6352,31390,8.988036251999802,19.465383085000212,56.38341574700007,45.88619375400003,2058,408,2466,2748,1005,3753,9006,2871,11877,8853,2470,11323
,H9Lu6P8sqec,UAI 2022 Conference,1,0.9111111111111111,0.9111111111111111,1,1,76.65863891800018,137.58940870099968,25753,6293,32046,10.92175209700008,27.591083973999957,68.8352718719998,65.55661356999963,2018,441,2459,2906,1062,3968,11773,3372,15145,11476,3224,14700
,H9MvL8o5gc,UAI 2022 Conference,1,0.6594827586206897,0.6594827586206897,1,1,79.84063726800014,148.97591114300076,27080,6139,33219,10.32472567900004,26.48911469800032,69.75290060600037,57.81747569800018,1860,486,2346,3593,1063,4656,9428,3004,12432,9256,2503,11759
,HBlNGvIicg9,UAI 2022 Conference,1,0.7682926829268293,0.7682926829268293,1,1,67.13492208299976,133.53544335199967,23337,5996,29333,22.613340321000123,23.224731816000258,55.934796722999636,55.259517041999516,2032,603,2635,2909,1137,4046,10052,2855,12907,9544,2909,12453
,HCl41wIi9gc,UAI 2022 Conference,1,1,1,1,1,74.93070649600031,118.94392639899979,22289,5139,27428,7.930728110000018,22.32031262700002,64.50780830699978,60.59562930099992,1924,291,2215,2690,954,3644,9544,2673,12217,9090,2836,11926
,HElfed8j9g9,UAI 2022 Conference,1,0.936986301369863,0.936986301369863,1,0.8571428571428571,75.69469703299956,155.95701210999914,26677,6510,33187,13.47863173199994,26.883373627999845,64.6826046289998,58.72492002299987,1949,671,2620,2811,924,3735,9389,3071,12460,9338,2646,11984
,HFLeBv8jql9,UAI 2022 Conference,1,0.9411764705882352,0.9411764705882352,1,1,78.92646618500021,158.2816887110007,28011,6902,34913,12.595453333000023,22.058581768000295,69.38670869600037,60.9821638010003,1923,368,2291,3068,1033,4101,9504,3426,12930,9323,3042,12365
,HFUxb_Uiqec,UAI 2022 Conference,1,0.9466192170818505,0.9466192170818505,1,0,68.0095850179996,141.1165770779994,25031,6402,31433,11.532274246999805,22.564240688000154,59.62333838399991,53.932928611999614,1878,520,2398,2538,1005,3543,9148,2758,11906,9098,2632,11730
,HFbf9PIjqgq,UAI 2022 Conference,1,0.4576,0.4512,1,1,78.62569129300027,131.93494145900013,21716,5712,27428,14.190907010000046,19.568746076000025,67.0084151000001,57.27571446799993,1891,567,2458,2326,984,3310,9641,2886,12527,9638,2602,12240
,HHHlpP8j5xc,UAI 2022 Conference,1,0.9041769041769041,0.9041769041769041,1,1,71.34270622300028,145.0530476960007,27836,6381,34217,10.466932456999984,26.48525625000002,61.61633421700026,53.524833593000494,1977,378,2355,2649,1031,3680,10662,3083,13745,10628,2878,13506
,HMMlduUicg9,UAI 2022 Conference,1,1,1,1,1,66.96885631999976,132.9558188750002,26343,6329,32672,8.728694810000434,20.323056899999756,57.22667219300001,54.23104740200051,1934,299,2233,2677,1077,3754,9960,2861,12821,9822,2733,12555
,HMzzPOLs9l5,UAI 2022 Conference,1,0.9900990099009901,0.9900990099009901,1,1,65.98370446099989,117.37564203600004,20740,5458,26198,6.427860407000026,24.731706464000126,56.592413828999725,47.04426481900009,1937,251,2188,2190,1018,3208,8905,2880,11785,8934,2522,11456
,HOOMjIUscgq,UAI 2022 Conference,1,0.9454545454545454,0.9454545454545454,1,1,68.6099786130003,110.72799502199996,22151,5475,27626,7.764171337999869,17.16805627399981,61.18211992099987,57.60943235900004,1967,338,2305,2330,917,3247,9497,3014,12511,9518,2847,12365
,HO_Uc8Is5g5,UAI 2022 Conference,1,0.9111111111111111,0.9111111111111111,1,1,71.3101756179999,132.8291447609995,24300,6352,30652,10.41861217199994,24.460495260999778,61.97871847499982,54.311415962999945,2155,504,2659,2909,1103,4012,10797,3299,14096,10514,2943,13457
,HSleBPIoql9,UAI 2022 Conference,1,1,1,1,0.8333333333333334,65.23765081800002,118.9372207360002,20849,5301,26150,10.438520321999931,28.521175158999995,55.55914051800028,50.23455318200013,2076,346,2422,2045,904,2949,8929,2837,11766,9000,2645,11645
,HU5elOLj5x5,UAI 2022 Conference,1,0.3842195540308748,0.3807890222984563,1,1,73.24776700799976,122.0712439530007,23686,5932,29618,12.17973186800009,18.019590313000208,63.03679198400005,58.404328263000025,1931,528,2459,2493,964,3457,10486,3151,13637,10091,3218,13309
,HYI5cUUjclq,UAI 2022 Conference,1,0.8544303797468354,0.8481012658227849,1,0,62.29715665000003,126.29052216599985,25143,6306,31449,10.53460605600003,20.485719163999875,52.49990401099967,49.468591753000055,1800,503,2303,2380,977,3357,9195,2867,12062,9155,2646,11801
,HU9IxO8oqlc,UAI 2022 Conference,0,0.6539379474940333,0.639618138424821,1,1,73.89729862600007,125.19289139200055,23596,5817,29413,10.083381059000203,20.670805193999968,66.35833491600033,56.79168194900012,1853,488,2341,2938,1070,4008,11080,2688,13768,10332,2695,13027
,HYIlsv8j9gc,UAI 2022 Conference,1,0.9440993788819876,0.9440993788819876,1,1,62.98407147500029,129.9005440539995,25862,6386,32248,9.003544505000264,26.985536709999906,54.24729062899951,44.506253208999624,2016,431,2447,2543,1199,3742,9823,2778,12601,9803,2424,12227
,HYWMtDLo5g5,UAI 2022 Conference,1,1,1,1,1,63.231312292999974,139.39575786199975,25942,5874,31816,8.026163488999828,24.55678197599991,56.28879534199996,53.32098277099976,1943,315,2258,2547,1037,3584,10630,2612,13242,10576,2351,12927
,HYbzWU8s5xc,UAI 2022 Conference,1,0.6553911205073996,0.6553911205073996,1,1,62.015500860999964,131.48998390000042,27141,5852,32993,9.599974651000139,22.85818494000023,52.883255482000095,50.794346539000344,1844,448,2292,3003,936,3939,10290,2619,12909,10034,2608,12642
,HcUdtvUoqx5,UAI 2022 Conference,1,0.9152542372881356,0.9152542372881356,1,0.75,68.56082800599961,141.4899162390002,28043,7022,35065,9.187040410000009,30.416339752000113,59.60354665099976,56.769934149000164,2007,350,2357,2880,1477,4357,10112,3124,13236,9868,3197,13065
,HeZlJPLoqgq,UAI 2022 Conference,1,0.9930715935334872,0.9930715935334872,1,0,66.59152517100028,125.33834612300052,21535,5661,27196,10.096822834999784,29.31974189099992,56.6948752330004,45.276083246000326,2022,428,2450,2696,1047,3743,8943,2935,11878,9023,2436,11459
,HgWfewLsqxc,UAI 2022 Conference,1,0.8461538461538461,0.8461538461538461,1,0.6,74.7621396720001,125.70283124200068,24423,6118,30541,9.086527128000398,18.27511942299998,64.86678951900012,63.886902268000085,2124,414,2538,2492,947,3439,11031,3296,14327,10831,3132,13963
,Hh4VpIUiqeq,UAI 2022 Conference,1,0.9773462783171522,0.9773462783171522,1,1,54.10605683199992,106.27963048499942,21153,5118,26271,9.142785030999676,19.04692761599972,47.2935504459997,45.463546855000004,1814,389,2203,2408,1043,3451,9813,2291,12104,9576,2366,11942
,Hddl98Iicxq,UAI 2022 Conference,1,0.7920792079207921,0.7920792079207921,1,1,93.45475609999994,146.25721228099928,21245,5525,26770,13.233437587000026,18.37889451000001,83.96788251699945,80.50770419099945,1869,356,2225,2123,980,3103,9759,2764,12523,9820,2632,12452
,HhGMxUUo5lc,UAI 2022 Conference,1,0.8802588996763754,0.8090614886731392,1,0,71.60965341600013,137.07473702499965,27205,6519,33724,7.740200407999964,20.041622716999882,62.6098402030002,52.43146797500003,1913,329,2242,2724,1086,3810,9908,3221,13129,9756,2764,12520
,HhMg3wUsclc,UAI 2022 Conference,1,1,1,1,1,61.88152447199991,111.4122031969996,28634,5736,34370,4.9377098099998875,19.773247645000083,52.848978042,46.685942855999656,2021,147,2168,3780,936,4716,10246,2561,12807,9647,2671,12318
,Hl-gfdUicx5,UAI 2022 Conference,1,0.96875,0.96875,1,1,62.58798383500016,110.0560337360007,21713,5088,26801,7.722762819000309,19.299945664999996,54.89308006800002,49.55856387499989,1973,327,2300,2673,1047,3720,9275,2550,11825,9302,2412,11714
,HlWLLdUocx5,UAI 2022 Conference,1,0.9222222222222223,0.9222222222222223,1,1,62.34391073300003,108.37956307000059,21695,5349,27044,8.681915974000276,19.232191176000015,54.41352554300056,48.81799504400033,1960,306,2266,2400,1021,3421,9437,2815,12252,9328,2647,11975
,HluKULi5xq,UAI 2022 Conference,1,0.3953147877013177,0.39238653001464135,1,1,67.15559771899962,146.51950260400054,25786,6637,32423,12.901293818999875,20.029073654000058,58.47116211100001,53.15942375900022,1955,648,2603,3222,1084,4306,9556,2634,12190,9009,2370,11379
,Hn4f8wIj5l5,UAI 2022 Conference,1,0.83206106870229,0.8244274809160306,0.2,0,80.07499767699983,154.2598809040005,30512,7023,37535,7.384524025999781,22.278717228000005,72.75265826300074,66.16191934900007,1890,284,2174,3339,1034,4373,11362,3438,14800,11181,3162,14343
,HnME5PIo5xc,UAI 2022 Conference,1,0.6721763085399448,0.6721763085399448,1,1,65.19581656499986,127.04976007100004,27350,5849,33199,12.31402744099978,23.474598727000284,54.480465026000275,45.11912907499982,1983,498,2481,3450,1140,4590,9784,2608,12392,9453,2401,11854
,HnfOGI8oql9,UAI 2022 Conference,1,0.6051660516605166,0.6027060270602705,1,1,65.11248292400023,118.4338255900002,22454,5430,27884,13.420679027999995,24.973407362000216,53.794068242999856,43.48756696600003,2006,686,2692,2667,1204,3871,9951,2508,12459,10086,2231,12317
,HnNgVPUiqx9,UAI 2022 Conference,1,0.9050279329608938,0.8938547486033518,1,1,80.95800170500024,165.83872840599997,30598,7172,37770,9.106759330999921,21.67693164299999,70.60829509799987,55.359407274000205,2025,300,2325,3013,1104,4117,9541,3198,12739,9581,2616,12197
,HnzV0PIi5ec,UAI 2022 Conference,1,0.8071065989847716,0.8071065989847716,1,1,66.015929013,119.64405165599965,23331,5761,29092,13.081415349999588,22.311592050999934,54.87640637499999,52.45570774199996,2094,327,2421,2534,1088,3622,10497,2993,13490,10180,2747,12927
,Hq8Ug88j5ec,UAI 2022 Conference,1,0.6265938069216758,0.6193078324225866,1,0.7999999999999999,74.06331530300031,147.76663454099935,26080,6835,32915,13.283783757999572,21.823290111000006,65.21373805899975,53.54965342699961,2045,675,2720,2658,983,3641,9041,3247,12288,8900,2881,11781
,HrBgldLo9ec,UAI 2022 Conference,1,0.9575757575757574,0.9575757575757574,1,1,53.374163701999805,118.53324647599993,22590,5223,27813,7.106220990000111,21.939402249000068,44.76041203800014,37.014819550000084,1673,170,1843,3075,945,4020,8274,2267,10541,7921,1843,9764
,HrH_xOIsqe5,UAI 2022 Conference,1,1,1,1,1,65.9048701239999,127.8288467919997,25482,6030,31512,6.873312151999926,18.792241415999797,57.72361623300003,45.59035459300003,1785,291,2076,3144,1013,4157,8734,2868,11602,8921,2254,11175
,HtW4EdIsqlq,UAI 2022 Conference,1,0.9278350515463918,0.9278350515463918,1,1,61.35665114700032,102.97072716999992,22687,5273,27960,7.267421988000024,15.877929006000159,54.273733573999834,52.46156043999963,1998,313,2311,2201,852,3053,10483,2870,13353,10429,2812,13241
,HqIlPIUo5g9,UAI 2022 Conference,1,0.9417040358744395,0.9417040358744395,1,1,113.02503124499981,169.47403128599944,22342,5567,27909,8.058897072000036,21.195794793000005,105.57212721699989,79.81187905099978,2001,352,2353,2593,1021,3614,9505,2877,12382,9457,2686,12143
,Hu_4s88iqgc,UAI 2022 Conference,1,0.6018808777429467,0.5924764890282131,1,1,73.01676402600015,148.9518560399997,25453,7112,32565,14.494589356999768,23.882930735999707,63.513567302999945,53.76322153900037,2061,723,2784,2757,1196,3953,8789,3011,11800,8784,2663,11447
,HzMEEOUs5x5,UAI 2022 Conference,1,0.9469026548672567,0.9469026548672567,0,1,74.33228234799981,151.74447958999963,24956,5921,30877,7.799451268999746,26.079525929000283,65.17991903899974,60.63335845700021,1982,324,2306,2526,983,3509,9135,2622,11757,9020,2561,11581
,HzMNL_8i5g5,UAI 2022 Conference,1,0.881578947368421,0.881578947368421,1,1,80.608893566,154.6241593730001,27732,7065,34797,9.743727850000141,21.579868540999996,67.61676808499988,56.243566584999826,2010,363,2373,2676,1059,3735,9807,3375,13182,9631,3139,12770
,S0g_C8Ujqe5,UAI 2022 Conference,1,0.9107142857142856,0.9107142857142856,1,1,68.63681724499975,142.13017930199976,26630,6561,33191,10.0390228199999,23.391433069999948,62.487819616999786,53.358377777999976,2175,449,2624,2925,1143,4068,9960,2726,12686,9679,2522,12201
,S0lx6I8j9xq,UAI 2022 Conference,1,0.9392712550607287,0.9392712550607287,1,0,74.62849759299979,145.1875320560007,22856,6012,28868,19.10063138700025,25.99458013000003,68.51205345200015,63.78598624599999,1986,301,2287,2354,1160,3514,9796,3236,13032,9711,3169,12880
,S2EuSP8sqgc,UAI 2022 Conference,1,0.8783783783783783,0.8648648648648649,1,1,62.26887458600004,124.59575653799902,26924,6070,32994,9.574681667999812,24.17403135199993,53.288681794999775,47.61462200100004,2054,384,2438,3123,1033,4156,9359,2943,12302,9383,2584,11967
,S2VIEPLicec,UAI 2022 Conference,1,0.47412353923205347,0.4707846410684475,1,0,72.77658249599972,129.2182361590003,21555,5579,27134,12.596520619999865,25.10901173000002,64.26704336700004,54.87255884000024,1808,588,2396,1969,954,2923,9403,2897,12300,9378,2836,12214
,S2zMhPUi5xq,UAI 2022 Conference,1,0.7483588621444202,0.7439824945295406,0.5,1,64.32287120599995,122.15492258900076,22370,5760,28130,11.50747467500014,26.423345208999763,54.667247655000665,50.6133808350005,1855,515,2370,2615,1071,3686,9393,2907,12300,9398,2760,12158
,S3NOX_Ij9xc,UAI 2022 Conference,1,0.7662835249042145,0.7586206896551724,1,0,65.3585041639999,125.73789427799966,24273,5879,30152,6.449143322999589,22.980744174999927,55.31747208099978,44.08044638799993,1937,255,2192,2545,1139,3684,8894,2634,11528,8888,2261,11149
,S3NzSD8icx9,UAI 2022 Conference,1,0.9947643979057592,0.9947643979057592,1,1,61.17996847500035,113.64279177700018,25418,5874,31292,9.857095135000236,18.027076162999947,50.58551900299972,44.463361991000056,1948,470,2418,2695,968,3663,9537,2491,12028,9234,2401,11635
,S5UG2BLi9xc,UAI 2022 Conference,1,0.4502446982055465,0.4502446982055465,1,1,62.33942857000011,114.45254447099978,21173,5382,26555,11.946894515999702,26.219453790999978,52.408233655000004,50.96335673300018,1740,603,2343,2321,1006,3327,8963,2777,11740,8917,2675,11592
,S98N1uUicxq,UAI 2022 Conference,1,0.517426273458445,0.5120643431635389,1,1,69.73819934700032,148.84191084000122,27488,7210,34698,12.717796737000299,27.09093166799994,59.84265901000026,55.16666398300049,1985,609,2594,2591,1043,3634,10381,3249,13630,10392,3017,13409
,S98VJL8jcxq,UAI 2022 Conference,1,0.8100558659217877,0.7988826815642458,1,0.8333333333333334,70.11530675700033,138.4373847120005,22698,6095,28793,10.271885351000037,28.809860153000045,62.76703872799999,59.142193171000145,2100,455,2555,2481,1135,3616,9395,3268,12663,9556,2998,12554
,SAlemvIoql9,UAI 2022 Conference,1,0.9361702127659574,0.9361702127659574,1,0.8571428571428571,61.836630244999924,127.18739414999982,27165,5914,33079,10.009193008999773,19.558632496999962,55.332553352000104,51.75611297600017,1992,393,2385,2666,1057,3723,10462,2703,13165,10350,2706,13056
,S98f_IIsceq,UAI 2022 Conference,1,0.8808864265927978,0.8753462603878116,1,0.8,75.58783465399983,150.16183009799897,22649,5635,28284,24.526337069999954,31.003450894999787,68.10153945699949,58.02350547199967,2060,487,2547,2515,1133,3648,9917,2883,12800,9976,2506,12482
,S9IIPLIsqxc,UAI 2022 Conference,1,0.5446559297218156,0.5329428989751098,1,0.6666666666666666,81.27419896299989,160.80689356500034,28271,6774,35045,12.88215232399989,21.025691968000046,71.46702271799995,58.51794533400016,1972,590,2562,3407,1040,4447,9946,3002,12948,9342,2973,12315
,SCel2U8scgc,UAI 2022 Conference,1,0.9263157894736843,0.9263157894736843,1,1,74.26991999699976,124.73860042800061,22545,5706,28251,10.682052611000017,20.276854072999868,64.46797254500052,56.27411824700039,1927,262,2189,2507,925,3432,9889,2907,12796,9583,3150,12733
,SCg9JDUscgq,UAI 2022 Conference,1,0.9384615384615383,0.9384615384615383,1,1,66.46586350500002,151.1017940640004,25250,6020,31270,8.86700884999982,33.85317523000003,59.128283087000455,51.969462088000455,1998,404,2402,3041,996,4037,9097,2519,11616,8967,2411,11378
,SEef8wIj5lc,UAI 2022 Conference,1,0.310126582278481,0.20253164556962028,1,0.6666666666666666,60.66062207300001,118.91499693499964,25959,5846,31805,7.68048517599982,18.210323519000212,53.908411732999866,47.48139812299996,1994,309,2303,2803,954,3757,9466,2588,12054,9084,2641,11725
,SLcxbOUi9gq,UAI 2022 Conference,1,0.952755905511811,0.952755905511811,1,1,60.67337357800034,137.49110739800108,25176,5569,30745,9.336226719000024,27.922365902000365,52.23632064900039,44.857124305999605,1990,351,2341,2742,1061,3803,9548,2457,12005,9605,2142,11747
,SHg8gwUsqxc,UAI 2022 Conference,1,1,1,1,0.75,67.44657072399968,142.21067811199828,26430,6617,33047,8.0550917759997,28.011702385000262,59.00194567399967,52.18597364799962,1930,359,2289,2763,1056,3819,9505,3125,12630,9315,2864,12179
,SMGIGO8o5x5,UAI 2022 Conference,1,0.6075949367088608,0.6075949367088608,1,1,71.6624006309994,152.02137891100028,29721,6825,36546,13.119810732000133,24.041301717999886,48.36057609699992,44.46493663299998,1871,332,2203,3858,1295,5153,9527,2506,12033,8994,2256,11250
,SMGV7_Us9l9,UAI 2022 Conference,0,0.9067796610169492,0.9067796610169492,1,1,66.45380729999988,117.29105175399945,23321,5825,29146,8.068307854000068,23.790460651000103,56.09258061799983,53.09324878399957,2152,354,2506,2368,1025,3393,10518,2941,13459,10239,2980,13219
,SSBzCDUiqg9,UAI 2022 Conference,1,0.9205298013245035,0.9205298013245035,1,0.8000000000000002,52.917004679000456,124.50841269700231,26067,6032,32099,9.990280701000302,22.792656139000428,45.29574717600008,44.54873697200037,1992,473,2465,3378,1084,4462,9347,2277,11624,8926,2400,11326
,SMxJO8i5lc,UAI 2022 Conference,1,0.8945686900958467,0.8945686900958467,1,0.5,81.41741835899984,158.04103547499972,27414,6966,34380,13.002627403999668,29.67131125199967,72.17432677399984,60.372705426001176,1967,384,2351,2945,1160,4105,9254,3345,12599,9052,3090,12142
,SSHGJuLj9lc,UAI 2022 Conference,1,0.9702970297029702,0.9702970297029702,1,1,64.03064483900016,130.29545941699962,27670,6247,33917,10.703679373999876,25.68376059899947,55.74809484599973,52.212481757000205,2201,494,2695,2816,1116,3932,10088,2994,13082,10103,2689,12792
,SSgEgDUscgc,UAI 2022 Conference,1,0.6177777777777778,0.6177777777777778,1,1,62.385939113999484,126.8395878299998,26813,6590,33403,11.146952279000288,18.02504011900055,54.000362089999726,50.14198723499976,1864,538,2402,3189,932,4121,9608,2825,12433,9113,2731,11844
,SSgglvLo5e9,UAI 2022 Conference,1,0.9142857142857143,0.9142857142857143,1,0.3333333333333333,65.42808173400044,143.2760074359985,29544,5428,34972,6.635589947999506,39.909167355000136,55.889570485999684,51.821051107999665,2151,275,2426,4483,239,4722,10709,2762,13471,10046,2858,12904
,SSlLRUIs9e9,UAI 2022 Conference,1,0.8641304347826086,0.8641304347826086,1,0.3333333333333333,71.70151226800044,114.6137586900013,23703,5969,29672,9.176486241999555,20.077798500000426,62.059053255000435,55.95378136600084,2144,435,2579,2208,1031,3239,10331,3370,13701,10269,3054,13323
,SSr4JOIs5l5,UAI 2022 Conference,0,0.648,0.6439999999999999,1,1,62.272945513000195,117.57066159100123,26528,5792,32320,8.844752501000585,20.44268262300011,51.931325748000745,44.349942907000695,1971,415,2386,3209,1056,4265,9289,2794,12083,9204,2364,11568
,SYZ3tP8jcgc,UAI 2022 Conference,1,0.8068181818181818,0.8068181818181818,1,0.3333333333333333,62.13314188200002,128.4393680860012,23799,5472,29271,9.389568025000699,25.370999646999735,52.82333621500038,31.793998582000313,2055,410,2465,3224,1100,4324,9031,2100,11131,8265,1836,10101
,SVhG78Us5g5,UAI 2022 Conference,1,0.9953488372093023,0.9953488372093023,1,1,80.51418482200006,139.50739787700059,22480,5310,27790,8.992692794000504,20.987949708999622,70.1604503360004,47.595292440000776,2090,330,2420,2654,1076,3730,10245,2582,12827,9876,2587,12463
,SYbORrLoqec,UAI 2022 Conference,1,0.7589285714285715,0.7544642857142858,1,1,66.74703523399967,126.91708640400157,27453,6320,33773,8.522068871000556,18.607124777000536,56.15700208599992,54.371189686000434,1874,398,2272,2503,993,3496,10392,3011,13403,10312,2950,13262
,SYbgpBIjql9,UAI 2022 Conference,1,0.6,0.6,1,0,71.56067568900016,141.28574601000037,25950,6452,32402,10.821471962999567,21.41785381400041,60.45309438200093,54.03811189000044,1912,408,2320,2815,1101,3916,9409,2918,12327,9446,2621,12067
,SZ4G8L8j5l5,UAI 2022 Conference,1,0.6500777604976672,0.640746500777605,1,1,78.65313550700012,147.60832364099952,29725,6654,36379,10.439847485999962,23.328195840000262,66.26020439399963,62.15884580199963,1974,518,2492,2795,1060,3855,11539,3396,14935,11267,3114,14381
,Sbxu8Ujqg9,UAI 2022 Conference,1,0.9021479713603818,0.9021479713603818,1,1,68.79307130799953,133.82029676399998,29172,6624,35796,10.669189133000145,20.26762442099971,59.59695860099964,55.195258566999655,2129,515,2644,3302,917,4219,10477,2955,13432,9892,3083,12975
,ScIEZdIiqe5,UAI 2022 Conference,1,0.8831775700934581,0.8831775700934581,1,1,68.84063405300003,148.16187457100023,28664,6264,34928,10.143090630000188,27.300949916999343,60.581773539000096,55.09396837999975,2285,401,2686,3593,1088,4681,10043,2909,12952,9542,2650,12192
,ScIl8wLj9lc,UAI 2022 Conference,1,0.932475884244373,0.932475884244373,0,1,69.73015783400024,138.65823800100134,27926,6648,34574,14.261432126000727,21.99354125300033,62.10762802299996,52.79917159999968,2054,571,2625,2651,1127,3778,10307,3228,13535,10232,3006,13238
,ScUndLLjceq,UAI 2022 Conference,1,0.912621359223301,0.912621359223301,1,1,68.65141176399993,122.68024576100015,22163,5927,28090,9.773291441000765,24.836498806000236,58.655952127999626,49.649475628999426,2129,468,2597,2489,1091,3580,9457,3058,12515,9317,2687,12004
,SeWxE_Ljqeq,UAI 2022 Conference,1,0.9301075268817204,0.9301075268817204,1,0,71.79994061700017,119.94444983499943,24278,6032,30310,10.02883881300022,21.42281845100024,61.52409139299925,55.59226188999946,2094,458,2552,2750,1052,3802,10500,3230,13730,10037,3121,13158
,SeZEruIj5e9,UAI 2022 Conference,1,1,1,1,1,73.21530553699995,126.45736289700017,26372,5506,31878,8.50463720300013,19.080111912000575,54.89337444300054,53.2563206169998,1971,371,2342,3299,986,4285,9340,2596,11936,9021,2263,11284
,Seb4JPLjcec,UAI 2022 Conference,1,0.9073170731707317,0.9073170731707317,1,1,73.44405455200013,125.2075952690011,22703,6043,28746,9.221984969000005,24.01443197500066,61.41334729200025,58.07780516500043,2090,426,2516,2160,1018,3178,9961,3105,13066,9843,3112,12955
,ScLeuUUi9gq,UAI 2022 Conference,1,0.8403041825095058,0.8365019011406845,1,1,128.4399535550001,197.25020141599998,27779,6148,33927,12.470611751999968,22.411793589999434,116.91215926100085,57.878567393000594,2021,473,2494,3460,1019,4479,9685,2776,12461,9276,2819,12095
,SfMArLi9e9,UAI 2022 Conference,1,0.9321266968325793,0.9321266968325793,1,1,71.31489535800029,139.97509999699923,26312,6378,32690,10.714976025999931,26.502442897000037,59.22986811499959,51.05749650599955,1928,513,2441,3162,1128,4290,9757,2837,12594,9007,2569,11576
,ShN3hPUsce5,UAI 2022 Conference,1,0.562607204116638,0.5557461406518011,1,0.8000000000000002,71.39769562399943,122.62944590699954,22001,6159,28160,11.2381353640003,21.195874252000067,60.71398358999977,51.34022739699867,1901,549,2450,2477,1049,3526,9252,3247,12499,9216,2797,12013
,Sg-UEuUj5xq,UAI 2022 Conference,1,0.9909365558912386,0.9909365558912386,1,0.6666666666666666,78.03669427099976,141.51905226099916,25841,5973,31814,11.01642321899999,24.287679354999455,67.58957035399999,46.484070986000006,1845,374,2219,3093,1122,4215,8998,2633,11631,8930,2415,11345
,Sl-zmO8j5lq,UAI 2022 Conference,1,0.9250535331905781,0.9250535331905781,1,0.8333333333333334,64.69182244100011,126.61902385099984,25848,6402,32250,11.038324186999489,19.502421219000098,55.452396534999934,51.56076458700045,2165,537,2702,2291,1082,3373,9504,2901,12405,9397,2732,12129
,Sl-eewIi9e5,UAI 2022 Conference,1,0.9411764705882353,0.9411764705882353,0.4,1,86.57939735200034,163.1423445900018,26496,6869,33365,10.907905044000472,28.39532124299967,75.10820227300064,51.509175361000416,2025,548,2573,3032,1125,4157,9258,3030,12288,9098,2662,11760
,Sb4xBLUsqx9,UAI 2022 Conference,1,0.8862275449101796,0.8802395209580838,1,1,280.98473594000006,178.81960027599962,22584,4872,27456,68.26837644999978,23.277639593999993,50.37369520199991,43.76742252999975,1983,423,2406,3020,1222,4242,10087,1628,11715,10120,1348,11468
,SlWLvO8ice5,UAI 2022 Conference,1,0.9544364508393285,0.9544364508393285,1,0.923076923076923,69.71536129200013,124.06951080800081,22886,5918,28804,10.88470698600031,20.07955019900055,59.37395378800102,53.114024599000004,2328,538,2866,3057,1074,4131,9492,2827,12319,8801,2689,11490
,SlctILjcxc,UAI 2022 Conference,1,0.5524861878453039,0.5267034990791897,1,1,69.58773002599992,133.33665136000036,22628,6106,28734,10.78270749100011,20.326054691000536,61.953814870000315,54.47375458799979,2031,534,2565,2679,1127,3806,9912,2915,12827,9780,2754,12534
,SnEgcwIjcl5,UAI 2022 Conference,1,0.6521739130434783,0.5776397515527951,1,1,68.17882296500011,149.56702242200026,27660,6673,34333,10.868883428000117,30.962424686000304,58.377236174000245,53.749116177999895,1829,513,2342,3336,1145,4481,9874,3004,12878,9760,2837,12597
,Sn4eoPLi9lq,UAI 2022 Conference,1,0.4068767908309455,0.29226361031518633,1,1,81.89758789300049,148.54151164500036,27309,6670,33979,7.148064369000167,22.266356854999685,72.26887433299908,58.59695408600055,1898,302,2200,2747,1020,3767,9398,3420,12818,9305,3005,12310
,SrgIkwLjql9,UAI 2022 Conference,1,0.9057971014492754,0.9057971014492754,1,1,63.580802771999515,104.99728275100006,21177,4938,26115,8.195129208000253,19.53444203500021,50.81870173900006,48.32650740400004,1888,303,2191,2604,972,3576,8766,2571,11337,8627,2583,11210
,SnzUFwLj5lq,UAI 2022 Conference,1,0.9267241379310344,0.9267241379310344,1,1,80.7696533090002,131.6192172909996,24331,5688,30019,7.731630926999969,22.64901889199973,73.76501443500001,62.04354058699937,2002,344,2346,3705,1036,4741,9731,2791,12522,8986,3103,12089
,StLUq88jqx9,UAI 2022 Conference,1,0.9114754098360656,0.9114754098360656,1,1,76.74257622099958,146.27513673399972,29887,6800,36687,9.645200628000566,24.051632161999805,68.49531537799976,54.24918260100003,2115,379,2494,3042,1162,4204,11464,3153,14617,11006,3119,14125
,StZ4oP8icxc,UAI 2022 Conference,1,0.7473309608540926,0.7473309608540926,1,0.7272727272727272,73.69819988900053,132.45775182899888,22948,6020,28968,13.17447829899993,23.11490888499975,64.14429057500001,58.521376269999564,2063,582,2645,2444,1007,3451,9574,3153,12727,9428,3057,12485
,StZVqP8sqe5,UAI 2022 Conference,1,0.9156626506024097,0.9156626506024097,1,1,77.94058588699954,127.23625897900092,23850,5419,29269,7.301107163000779,17.85878356500052,68.96556913799941,63.76193983899975,1968,291,2259,2649,967,3616,11218,2819,14037,10759,2885,13644
,SzGMOdIo5xc,UAI 2022 Conference,1,0.9947916666666666,0.9947916666666666,1,1,74.56311551099952,147.06027997399815,26991,6059,33050,17.471312131999184,22.592053119999946,62.766045341999416,51.03940958000021,1945,390,2335,3169,992,4161,9970,2634,12604,9668,2520,12188
,r0xM0IIi5g9,UAI 2022 Conference,1,0.6318407960199004,0.626865671641791,1,1,65.76271778499995,130.17242666100083,25959,6028,31987,14.521444856000016,21.315900914999474,55.15262420500039,46.59813153900086,1918,522,2440,3020,1048,4068,9522,2486,12008,8967,2605,11572
,r0gxrLIoqgc,UAI 2022 Conference,1,0.9821428571428571,0.9821428571428571,1,0,78.11333873200056,145.24691895700016,27779,6447,34226,10.062102317000608,20.591163176999544,67.60415646000001,61.39469775499947,1976,489,2465,3233,971,4204,10114,2925,13039,9391,2954,12345
,r2NuhIUoceq,UAI 2022 Conference,1,0.8921568627450981,0.8921568627450981,1,0,73.37635331299953,152.35901034000017,27177,6343,33520,7.084610774999419,33.91267016300026,63.93434787000024,54.886427778000325,1889,303,2192,2819,1156,3975,9949,3026,12975,9937,2858,12795
,r2z5RPUsqe9,UAI 2022 Conference,1,1,1,1,0.6666666666666666,67.26378830399972,114.11383543400007,20169,5401,25570,9.80738825699973,18.07654250700034,56.38948309100033,46.86462988099993,1829,455,2284,2375,993,3368,8798,2724,11522,8656,2342,10998
,r2zEpHIiqxc,UAI 2022 Conference,1,0.8978494623655914,0.8978494623655914,1,0.7142857142857143,74.43511910300003,135.94250112100144,27035,6324,33359,8.954493803000332,19.20160179800041,66.50671680699998,59.69267391700032,2055,413,2468,2523,927,3450,9736,3075,12811,9818,2896,12714
,r3EI6UUiqx9,UAI 2022 Conference,1,0.9947916666666666,0.9947916666666666,1,0.5,75.81114421500024,152.58547460499994,26732,6732,33464,11.515813159999198,28.23594932100059,66.63476124499994,56.68010078399948,1820,284,2104,2535,1244,3779,9581,3165,12746,9653,2886,12539
,r3MGyLLoqxq,UAI 2022 Conference,0,0.7320574162679424,0.7272727272727273,1,0.5,69.26957597100045,120.34925757599922,24078,5824,29902,9.115941957999894,21.116511248999814,61.21017987899995,53.29606404199967,1958,433,2391,2697,1023,3720,10920,2978,13898,10835,2893,13728
,r42eCLUj5lc,UAI 2022 Conference,1,0.979381443298969,0.979381443298969,1,1,76.2944881909998,143.75734515900058,29979,6537,36516,7.120807022000008,23.116704648999985,68.11660464499982,59.68457133999982,1888,285,2173,4190,1050,5240,10680,3176,13856,10388,2785,13173
,r58gGdIs5xc,UAI 2022 Conference,1,0.8847184986595176,0.8847184986595176,1,1,66.55953140099973,122.1122903860005,23012,5404,28416,9.124165713000366,21.086931695000203,57.182661996000206,55.506430868999814,2030,415,2445,2376,1043,3419,10406,2740,13146,10363,2676,13039
,r5IEvvIs9xq,UAI 2022 Conference,1,0.888888888888889,0.888888888888889,1,0.75,71.51195331899999,137.27913056499983,29157,6479,35636,7.852553407000414,24.018386988000202,58.7212102149997,55.50451987299948,2051,339,2390,4108,1010,5118,10502,3027,13529,9129,2793,11922
,r5IeH8Lsceq,UAI 2022 Conference,1,0.6287425149700598,0.6287425149700598,1,1,83.55088963399976,147.39132936699934,27456,6403,33859,10.961807367999427,22.98747997099963,72.80077170300046,48.526255663000484,2041,471,2512,2875,1100,3975,10117,3094,13211,10027,2657,12684
,rCxIJDUsceq,UAI 2022 Conference,1,0.6644736842105263,0.6085526315789473,1,1,65.70869361600035,121.6237961279985,22077,5597,27674,14.117104225999356,19.97382176499923,55.40117738899971,50.50959067599979,1957,708,2665,3038,1046,4084,9499,2377,11876,9050,2525,11575
,rF-eW_Lsqgc,UAI 2022 Conference,1,0.9649805447470817,0.9649805447470817,1,0.8333333333333334,68.9227249810001,145.0900928329993,27573,6507,34080,8.33605148999959,21.58555927999987,58.94940133399996,53.68343859600009,1994,383,2377,3343,1016,4359,10204,2676,12880,9958,2720,12678
,r98uvwIs9ec,UAI 2022 Conference,1,0.8783783783783785,0.8783783783783785,1,1,89.783048495,140.11250297100014,25146,5283,30429,7.612323586999992,21.637440718000107,80.05221319100019,75.203465736,1954,315,2269,2700,982,3682,9106,2513,11619,8951,2460,11411
,rFZl7LLs5e5,UAI 2022 Conference,1,0.9178082191780823,0.9178082191780823,1,1,69.84278949899999,114.21301157200014,21604,5425,27029,7.280491022000206,21.83530998399965,57.8942666490002,51.59830430400052,1953,285,2238,2309,985,3294,9664,2915,12579,9404,2612,12016
,rGffMdIi9g9,UAI 2022 Conference,1,0.9655172413793104,0.942528735632184,1,0,71.75417822399959,130.24118634499973,24728,5678,30406,7.043400501999713,22.421046729999944,60.248945004000234,52.44708457100023,1871,289,2160,2687,1055,3742,9263,2523,11786,9072,2322,11394
,r5UMYvLs5xc,UAI 2022 Conference,1,0.9196141479099678,0.9196141479099678,1,0,175.75030387399966,250.60732365399872,27843,6538,34381,8.203405481000118,18.747392844999922,166.4625128509988,53.8895684149993,2003,374,2377,2812,989,3801,9603,3312,12915,9687,2999,12686
,rK-NJ8Loqgq,UAI 2022 Conference,1,0.9556650246305418,0.9556650246305418,1,0,85.72410730800038,152.2535965040006,28388,6418,34806,8.639664350000203,29.508973470000456,73.45806749500025,69.16218403599942,1985,294,2279,3509,1215,4724,10096,2879,12975,9487,2834,12321
,rKUgiU8iqeq,UAI 2022 Conference,1,0.9396325459317586,0.9396325459317586,1,0.8000000000000002,85.6668040630002,136.509571485999,21380,5759,27139,14.307356390999303,18.9315559329998,71.48515709899948,64.8135974199995,1973,561,2534,2097,884,2981,9510,2892,12402,9504,2693,12197
,rKWLhw8sqlq,UAI 2022 Conference,1,0.8963414634146342,0.8963414634146342,1,0.75,71.93720813400068,120.32621737000045,21876,5642,27518,8.799466784999822,23.417221452000376,61.891307998999764,49.199421239,1907,408,2315,2534,1092,3626,9315,2957,12272,9388,2636,12024
,rKZlJUIj5lc,UAI 2022 Conference,1,0.7159904534606205,0.7016706443914081,1,1,60.94727196000076,105.8732941649996,19981,4067,24048,8.246589504999974,20.32007542700012,49.79957176799962,44.25311215799957,1812,370,2182,2442,941,3383,8817,1545,10362,8514,1458,9972
,rKb8gLLs5g5,UAI 2022 Conference,1,1,1,1,0,64.63895547800075,130.68438899000193,26182,6002,32184,10.350215698000284,21.3273720950001,55.885974686000736,54.044173083000715,2237,506,2743,2762,1008,3770,9613,2546,12159,9482,2516,11998
,rKbECDUsclc,UAI 2022 Conference,1,0.6809815950920246,0.6748466257668712,1,1,64.6930647499994,138.9552786430013,26183,6431,32614,9.845298451999952,25.49928652699964,55.9333190210009,49.71637157600071,1847,313,2160,3242,1122,4364,8940,2994,11934,8931,2647,11578
,rOufYULiqe5,UAI 2022 Conference,1,0.651558073654391,0.6402266288951841,1,1,62.51427524799965,123.39838800599955,22445,5426,27871,20.03499583699977,25.12900165999963,53.28191880899976,49.9426893079999,1788,470,2258,2592,1162,3754,10100,2704,12804,9910,2579,12489
,rMf6B8sqg5,UAI 2022 Conference,1,0.9810426540284359,0.9810426540284359,1,1,69.09146176100057,133.1867145310016,25352,6143,31495,8.352122786000109,20.586370966000686,57.11235946599936,52.65829457200016,1790,372,2162,2717,1023,3740,9078,2781,11859,8810,2597,11407
,rRlN7PIsql5,UAI 2022 Conference,1,0.7956043956043957,0.7912087912087913,1,1,66.3243274180004,137.42037495900058,27519,6508,34027,13.624972757999785,24.344614474000082,56.90221385900077,54.49209602100018,1840,438,2278,2787,1098,3885,9827,3037,12864,9719,2975,12694
,rSHfg_Ls5x5,UAI 2022 Conference,1,0.47426470588235303,0.4669117647058824,1,1,74.75317042899951,152.91033703299854,26738,6659,33397,13.543566572999225,22.48795732599956,64.90576056099962,60.98510973700013,1938,678,2616,2391,1208,3599,10297,2847,13144,10114,2797,12911
,rSgeZDLo5gq,UAI 2022 Conference,1,0.9786223277909739,0.9786223277909739,1,1,68.03120010699968,136.56776489500135,26704,5870,32574,10.094927235000796,24.084928041999774,61.31652383300025,53.90116377800041,2045,390,2435,2894,1025,3919,9142,2805,11947,8812,2758,11570
,rUXzk_Us9lc,UAI 2022 Conference,1,0.8877005347593583,0.8877005347593583,1,0.6666666666666666,74.02344893899954,120.46263341399845,23079,5433,28512,8.830773597999723,22.49803895599962,62.21434146899992,55.61287371599974,2105,375,2480,2400,1098,3498,10374,2914,13288,10258,2513,12771
,rY8NwwLoceq,UAI 2022 Conference,1,1,1,1,0.75,65.84624886700021,110.34033037000063,22926,5171,28097,8.502871435000088,18.454710213,56.68386074599948,53.18611429500015,2183,365,2548,2514,998,3512,10172,2779,12951,10137,2533,12670
,rZEM7ULs5x5,UAI 2022 Conference,1,0.9169960474308301,0.9169960474308301,1,0.8333333333333334,61.01073800599988,139.63136641000074,24807,6165,30972,8.70465145199978,35.30594607300009,49.95704071900036,45.71408506500029,2100,395,2495,2852,1111,3963,8984,2583,11567,9037,2234,11271
,rWGd_Licxq,UAI 2022 Conference,1,0.5300813008130081,0.5235772357723578,1,1,83.59905870800048,146.8584317700006,26691,5777,32468,11.028061947999959,21.64645483700042,75.51883128500049,49.572546316000626,1828,533,2361,2986,1119,4105,9772,2758,12530,9918,2325,12243
,rZNIdLi9g5,UAI 2022 Conference,1,0.9327354260089685,0.9327354260089685,1,1,70.04073468200022,118.84892180600036,27330,5726,33056,8.488900312000624,21.04451051399974,56.42974239099931,50.24686461700003,1940,327,2267,3203,1069,4272,9704,2773,12477,9434,2644,12078
,rbNL4ILsqeq,UAI 2022 Conference,0,0.9674185463659148,0.9674185463659148,1,0.75,65.59923433699987,135.03367465700012,26654,5940,32594,11.198368842000491,21.94497193100051,57.358816210999066,52.456021022999266,1857,496,2353,2992,1051,4043,9714,2676,12390,9665,2632,12297
,rcUzWI8iqg5,UAI 2022 Conference,1,0.6830466830466831,0.6781326781326781,1,1,62.73956512000041,128.07507512699885,26121,6195,32316,10.51670667899998,20.515999456999452,52.36220978599977,48.57121092000034,1950,480,2430,3015,1062,4077,9436,2575,12011,9112,2657,11769
,rfGNz_Uiqgq,UAI 2022 Conference,1,0.9213483146067415,0.9213483146067415,1,1,65.97848782599976,119.95124976500028,24789,5159,29948,10.828847871999642,27.48884088399973,57.61107826100033,54.433873986000435,2301,356,2657,2652,1125,3777,11780,2609,14389,11630,2611,14241
,rcUN78Ij9x5,UAI 2022 Conference,0,0.8987341772151898,0.8987341772151898,0.3333333333333333,1,75.77986720199988,140.13910042000134,27263,6732,33995,12.06693741700019,20.742844554999465,67.98313855500055,55.89866536700083,2097,499,2596,2527,976,3503,9749,3500,13249,9715,2969,12684
,rgZGGvLi5eq,UAI 2022 Conference,1,0.8010471204188482,0.7905759162303665,0,1,74.784815385,162.84096402900013,28091,6848,34939,11.580710795999948,29.639725400000316,60.97788362499978,56.01982202799991,1715,448,2163,3253,1149,4402,10487,3016,13503,10351,2746,13097
,rhNgEI8s5xc,UAI 2022 Conference,1,0.6359832635983262,0.6317991631799164,1,0.5,79.2613104459997,124.23902445399926,22115,5866,27981,11.165095835999637,21.879433410000274,64.12786997299918,50.10046625299947,1857,516,2373,2777,986,3763,9292,3089,12381,8980,2709,11689
,rn4xnDUjcl9,UAI 2022 Conference,1,0.9084249084249083,0.9084249084249083,1,0,70.29639609300011,141.90593008999895,25464,6350,31814,7.986435414999505,20.085242182999536,62.07569730200066,53.95476955699996,1945,356,2301,2826,968,3794,9606,2719,12325,9295,2418,11713
,rnzVBD8jqlq,UAI 2022 Conference,1,0.5582922824302134,0.5550082101806241,1,1,76.42477540699929,121.81372895499953,23111,5888,28999,13.029571264999504,18.47686666900063,61.35094607799965,59.66393269999935,2118,601,2719,2369,956,3325,9929,3043,12972,9826,3021,12847
,rq4v8Ujcec,UAI 2022 Conference,1,0.9466192170818506,0.9466192170818506,1,0.75,72.49453293500028,127.60928279999916,21971,5552,27523,12.86793280999973,21.32489880399953,62.85604341999988,59.08470879400011,1974,272,2246,2730,1016,3746,9004,2902,11906,9048,2740,11788
,rqGNUIj5lq,UAI 2022 Conference,1,0.8972602739726028,0.8972602739726028,1,1,77.25623596100013,143.22337324799992,20754,5529,26283,9.623030466999808,27.54866400299943,68.39306319700063,59.86905082700014,2015,396,2411,2214,1080,3294,9053,2770,11823,9088,2448,11536
,rqIzwU8i9e9,UAI 2022 Conference,1,0.5741626794258374,0.5645933014354066,1,1,68.27788082400002,126.32033029299873,22566,5845,28411,11.035155085999577,20.884740412999236,59.9888191580003,53.80468902299981,1915,548,2463,2308,952,3260,10072,3045,13117,10148,2735,12883
,rrS8Jd8sqlc,UAI 2022 Conference,1,1,1,1,0.7272727272727272,68.0551728270002,137.67657780800073,25583,6357,31940,6.766498613999829,22.888601966999886,58.91599977600072,52.08867057700081,1960,264,2224,2988,979,3967,9334,2547,11881,8990,2688,11678
,rrlMyPUs9gc,UAI 2022 Conference,0,0.9103448275862069,0.9103448275862069,1,1,70.87544455499938,137.53802554100002,26060,6002,32062,12.105876194000302,20.277499864000674,59.02280603700001,54.82090278499982,2058,408,2466,2606,1004,3610,9838,2703,12541,9703,2505,12208
,rx-lIOIi9l5,UAI 2022 Conference,1,0.9631901840490796,0.9631901840490796,1,1,62.835190040999805,113.67034604300079,23694,5379,29073,9.187942608000412,26.399156325999684,53.37689759099976,48.6899400150005,2084,405,2489,2906,1252,4158,10248,2761,13009,10154,2538,12692
,rtZNQLLocx9,UAI 2022 Conference,1,1,1,1,0.8333333333333334,80.53615347899995,149.0441830890004,29439,7022,36461,9.260403409999526,20.638202140999965,67.19582599500063,59.81281131600099,1949,439,2388,2814,1005,3819,11039,3322,14361,11082,3022,14104
,rtZlKwLo9x5,UAI 2022 Conference,1,0.9787234042553191,0.9787234042553191,1,1,87.02631938400009,168.23890662900067,35941,6738,42679,7.885439399000461,28.836764243999824,62.39126124299946,57.37930450600015,2049,338,2387,4434,1085,5519,11362,2882,14244,10277,3107,13384
,rxZffdLs9eq,UAI 2022 Conference,1,0.6171171171171171,0.6171171171171171,1,1,77.79209658299987,144.49459569699866,26991,6663,33654,10.993579887999658,21.446280495999417,66.2789552459999,57.67567269099982,1895,537,2432,2851,1021,3872,9050,3287,12337,9201,2927,12128
